100000,500,50,100,0.25,0.50
100001,500,50,100,0.25,1.00
100002,500,50,100,0.25,1.50
100003,500,50,100,0.25,2.00
100004,500,50,100,0.25,2.50
100005,500,50,100,0.25,3.00
100006,500,50,100,0.25,3.50
100007,500,50,285,0.25,0.50
100008,500,50,285,0.25,1.00
100009,500,50,285,0.25,1.50
100010,500,50,285,0.25,2.00
100011,500,50,285,0.25,2.50
100012,500,50,285,0.25,3.00
100013,500,50,285,0.25,3.50
100014,500,50,470,0.25,0.50
100015,500,50,470,0.25,1.00
100016,500,50,470,0.25,1.50
100017,500,50,470,0.25,2.00
100018,500,50,470,0.25,2.50
100019,500,50,470,0.25,3.00
100020,500,50,470,0.25,3.50
100021,500,50,655,0.25,0.50
100022,500,50,655,0.25,1.00
100023,500,50,655,0.25,1.50
100024,500,50,655,0.25,2.00
100025,500,50,655,0.25,2.50
100026,500,50,655,0.25,3.00
100027,500,50,655,0.25,3.50
100028,500,50,840,0.25,0.50
100029,500,50,840,0.25,1.00
100030,500,50,840,0.25,1.50
100031,500,50,840,0.25,2.00
100032,500,50,840,0.25,2.50
100033,500,50,840,0.25,3.00
100034,500,50,840,0.25,3.50
100035,500,50,1025,0.25,0.50
100036,500,50,1025,0.25,1.00
100037,500,50,1025,0.25,1.50
100038,500,50,1025,0.25,2.00
100039,500,50,1025,0.25,2.50
100040,500,50,1025,0.25,3.00
100041,500,50,1025,0.25,3.50
100042,500,50,1210,0.25,0.50
100043,500,50,1210,0.25,1.00
100044,500,50,1210,0.25,1.50
100045,500,50,1210,0.25,2.00
100046,500,50,1210,0.25,2.50
100047,500,50,1210,0.25,3.00
100048,500,50,1210,0.25,3.50
100049,500,70,100,0.25,0.50
100050,500,70,100,0.25,1.00
100051,500,70,100,0.25,1.50
100052,500,70,100,0.25,2.00
100053,500,70,100,0.25,2.50
100054,500,70,100,0.25,3.00
100055,500,70,100,0.25,3.50
100056,500,70,285,0.25,0.50
100057,500,70,285,0.25,1.00
100058,500,70,285,0.25,1.50
100059,500,70,285,0.25,2.00
100060,500,70,285,0.25,2.50
100061,500,70,285,0.25,3.00
100062,500,70,285,0.25,3.50
100063,500,70,470,0.25,0.50
100064,500,70,470,0.25,1.00
100065,500,70,470,0.25,1.50
100066,500,70,470,0.25,2.00
100067,500,70,470,0.25,2.50
100068,500,70,470,0.25,3.00
100069,500,70,470,0.25,3.50
100070,500,70,655,0.25,0.50
100071,500,70,655,0.25,1.00
100072,500,70,655,0.25,1.50
100073,500,70,655,0.25,2.00
100074,500,70,655,0.25,2.50
100075,500,70,655,0.25,3.00
100076,500,70,655,0.25,3.50
100077,500,70,840,0.25,0.50
100078,500,70,840,0.25,1.00
100079,500,70,840,0.25,1.50
100080,500,70,840,0.25,2.00
100081,500,70,840,0.25,2.50
100082,500,70,840,0.25,3.00
100083,500,70,840,0.25,3.50
100084,500,70,1025,0.25,0.50
100085,500,70,1025,0.25,1.00
100086,500,70,1025,0.25,1.50
100087,500,70,1025,0.25,2.00
100088,500,70,1025,0.25,2.50
100089,500,70,1025,0.25,3.00
100090,500,70,1025,0.25,3.50
100091,500,70,1210,0.25,0.50
100092,500,70,1210,0.25,1.00
100093,500,70,1210,0.25,1.50
100094,500,70,1210,0.25,2.00
100095,500,70,1210,0.25,2.50
100096,500,70,1210,0.25,3.00
100097,500,70,1210,0.25,3.50
100098,500,90,100,0.25,0.50
100099,500,90,100,0.25,1.00
100100,500,90,100,0.25,1.50
100101,500,90,100,0.25,2.00
100102,500,90,100,0.25,2.50
100103,500,90,100,0.25,3.00
100104,500,90,100,0.25,3.50
100105,500,90,285,0.25,0.50
100106,500,90,285,0.25,1.00
100107,500,90,285,0.25,1.50
100108,500,90,285,0.25,2.00
100109,500,90,285,0.25,2.50
100110,500,90,285,0.25,3.00
100111,500,90,285,0.25,3.50
100112,500,90,470,0.25,0.50
100113,500,90,470,0.25,1.00
100114,500,90,470,0.25,1.50
100115,500,90,470,0.25,2.00
100116,500,90,470,0.25,2.50
100117,500,90,470,0.25,3.00
100118,500,90,470,0.25,3.50
100119,500,90,655,0.25,0.50
100120,500,90,655,0.25,1.00
100121,500,90,655,0.25,1.50
100122,500,90,655,0.25,2.00
100123,500,90,655,0.25,2.50
100124,500,90,655,0.25,3.00
100125,500,90,655,0.25,3.50
100126,500,90,840,0.25,0.50
100127,500,90,840,0.25,1.00
100128,500,90,840,0.25,1.50
100129,500,90,840,0.25,2.00
100130,500,90,840,0.25,2.50
100131,500,90,840,0.25,3.00
100132,500,90,840,0.25,3.50
100133,500,90,1025,0.25,0.50
100134,500,90,1025,0.25,1.00
100135,500,90,1025,0.25,1.50
100136,500,90,1025,0.25,2.00
100137,500,90,1025,0.25,2.50
100138,500,90,1025,0.25,3.00
100139,500,90,1025,0.25,3.50
100140,500,90,1210,0.25,0.50
100141,500,90,1210,0.25,1.00
100142,500,90,1210,0.25,1.50
100143,500,90,1210,0.25,2.00
100144,500,90,1210,0.25,2.50
100145,500,90,1210,0.25,3.00
100146,500,90,1210,0.25,3.50
100147,500,110,100,0.25,0.50
100148,500,110,100,0.25,1.00
100149,500,110,100,0.25,1.50
100150,500,110,100,0.25,2.00
100151,500,110,100,0.25,2.50
100152,500,110,100,0.25,3.00
100153,500,110,100,0.25,3.50
100154,500,110,285,0.25,0.50
100155,500,110,285,0.25,1.00
100156,500,110,285,0.25,1.50
100157,500,110,285,0.25,2.00
100158,500,110,285,0.25,2.50
100159,500,110,285,0.25,3.00
100160,500,110,285,0.25,3.50
100161,500,110,470,0.25,0.50
100162,500,110,470,0.25,1.00
100163,500,110,470,0.25,1.50
100164,500,110,470,0.25,2.00
100165,500,110,470,0.25,2.50
100166,500,110,470,0.25,3.00
100167,500,110,470,0.25,3.50
100168,500,110,655,0.25,0.50
100169,500,110,655,0.25,1.00
100170,500,110,655,0.25,1.50
100171,500,110,655,0.25,2.00
100172,500,110,655,0.25,2.50
100173,500,110,655,0.25,3.00
100174,500,110,655,0.25,3.50
100175,500,110,840,0.25,0.50
100176,500,110,840,0.25,1.00
100177,500,110,840,0.25,1.50
100178,500,110,840,0.25,2.00
100179,500,110,840,0.25,2.50
100180,500,110,840,0.25,3.00
100181,500,110,840,0.25,3.50
100182,500,110,1025,0.25,0.50
100183,500,110,1025,0.25,1.00
100184,500,110,1025,0.25,1.50
100185,500,110,1025,0.25,2.00
100186,500,110,1025,0.25,2.50
100187,500,110,1025,0.25,3.00
100188,500,110,1025,0.25,3.50
100189,500,110,1210,0.25,0.50
100190,500,110,1210,0.25,1.00
100191,500,110,1210,0.25,1.50
100192,500,110,1210,0.25,2.00
100193,500,110,1210,0.25,2.50
100194,500,110,1210,0.25,3.00
100195,500,110,1210,0.25,3.50
100196,500,130,100,0.25,0.50
100197,500,130,100,0.25,1.00
100198,500,130,100,0.25,1.50
100199,500,130,100,0.25,2.00
100200,500,130,100,0.25,2.50
100201,500,130,100,0.25,3.00
100202,500,130,100,0.25,3.50
100203,500,130,285,0.25,0.50
100204,500,130,285,0.25,1.00
100205,500,130,285,0.25,1.50
100206,500,130,285,0.25,2.00
100207,500,130,285,0.25,2.50
100208,500,130,285,0.25,3.00
100209,500,130,285,0.25,3.50
100210,500,130,470,0.25,0.50
100211,500,130,470,0.25,1.00
100212,500,130,470,0.25,1.50
100213,500,130,470,0.25,2.00
100214,500,130,470,0.25,2.50
100215,500,130,470,0.25,3.00
100216,500,130,470,0.25,3.50
100217,500,130,655,0.25,0.50
100218,500,130,655,0.25,1.00
100219,500,130,655,0.25,1.50
100220,500,130,655,0.25,2.00
100221,500,130,655,0.25,2.50
100222,500,130,655,0.25,3.00
100223,500,130,655,0.25,3.50
100224,500,130,840,0.25,0.50
100225,500,130,840,0.25,1.00
100226,500,130,840,0.25,1.50
100227,500,130,840,0.25,2.00
100228,500,130,840,0.25,2.50
100229,500,130,840,0.25,3.00
100230,500,130,840,0.25,3.50
100231,500,130,1025,0.25,0.50
100232,500,130,1025,0.25,1.00
100233,500,130,1025,0.25,1.50
100234,500,130,1025,0.25,2.00
100235,500,130,1025,0.25,2.50
100236,500,130,1025,0.25,3.00
100237,500,130,1025,0.25,3.50
100238,500,130,1210,0.25,0.50
100239,500,130,1210,0.25,1.00
100240,500,130,1210,0.25,1.50
100241,500,130,1210,0.25,2.00
100242,500,130,1210,0.25,2.50
100243,500,130,1210,0.25,3.00
100244,500,130,1210,0.25,3.50
100245,500,150,100,0.25,0.50
100246,500,150,100,0.25,1.00
100247,500,150,100,0.25,1.50
100248,500,150,100,0.25,2.00
100249,500,150,100,0.25,2.50
100250,500,150,100,0.25,3.00
100251,500,150,100,0.25,3.50
100252,500,150,285,0.25,0.50
100253,500,150,285,0.25,1.00
100254,500,150,285,0.25,1.50
100255,500,150,285,0.25,2.00
100256,500,150,285,0.25,2.50
100257,500,150,285,0.25,3.00
100258,500,150,285,0.25,3.50
100259,500,150,470,0.25,0.50
100260,500,150,470,0.25,1.00
100261,500,150,470,0.25,1.50
100262,500,150,470,0.25,2.00
100263,500,150,470,0.25,2.50
100264,500,150,470,0.25,3.00
100265,500,150,470,0.25,3.50
100266,500,150,655,0.25,0.50
100267,500,150,655,0.25,1.00
100268,500,150,655,0.25,1.50
100269,500,150,655,0.25,2.00
100270,500,150,655,0.25,2.50
100271,500,150,655,0.25,3.00
100272,500,150,655,0.25,3.50
100273,500,150,840,0.25,0.50
100274,500,150,840,0.25,1.00
100275,500,150,840,0.25,1.50
100276,500,150,840,0.25,2.00
100277,500,150,840,0.25,2.50
100278,500,150,840,0.25,3.00
100279,500,150,840,0.25,3.50
100280,500,150,1025,0.25,0.50
100281,500,150,1025,0.25,1.00
100282,500,150,1025,0.25,1.50
100283,500,150,1025,0.25,2.00
100284,500,150,1025,0.25,2.50
100285,500,150,1025,0.25,3.00
100286,500,150,1025,0.25,3.50
100287,500,150,1210,0.25,0.50
100288,500,150,1210,0.25,1.00
100289,500,150,1210,0.25,1.50
100290,500,150,1210,0.25,2.00
100291,500,150,1210,0.25,2.50
100292,500,150,1210,0.25,3.00
100293,500,150,1210,0.25,3.50
100294,500,170,100,0.25,0.50
100295,500,170,100,0.25,1.00
100296,500,170,100,0.25,1.50
100297,500,170,100,0.25,2.00
100298,500,170,100,0.25,2.50
100299,500,170,100,0.25,3.00
100300,500,170,100,0.25,3.50
100301,500,170,285,0.25,0.50
100302,500,170,285,0.25,1.00
100303,500,170,285,0.25,1.50
100304,500,170,285,0.25,2.00
100305,500,170,285,0.25,2.50
100306,500,170,285,0.25,3.00
100307,500,170,285,0.25,3.50
100308,500,170,470,0.25,0.50
100309,500,170,470,0.25,1.00
100310,500,170,470,0.25,1.50
100311,500,170,470,0.25,2.00
100312,500,170,470,0.25,2.50
100313,500,170,470,0.25,3.00
100314,500,170,470,0.25,3.50
100315,500,170,655,0.25,0.50
100316,500,170,655,0.25,1.00
100317,500,170,655,0.25,1.50
100318,500,170,655,0.25,2.00
100319,500,170,655,0.25,2.50
100320,500,170,655,0.25,3.00
100321,500,170,655,0.25,3.50
100322,500,170,840,0.25,0.50
100323,500,170,840,0.25,1.00
100324,500,170,840,0.25,1.50
100325,500,170,840,0.25,2.00
100326,500,170,840,0.25,2.50
100327,500,170,840,0.25,3.00
100328,500,170,840,0.25,3.50
100329,500,170,1025,0.25,0.50
100330,500,170,1025,0.25,1.00
100331,500,170,1025,0.25,1.50
100332,500,170,1025,0.25,2.00
100333,500,170,1025,0.25,2.50
100334,500,170,1025,0.25,3.00
100335,500,170,1025,0.25,3.50
100336,500,170,1210,0.25,0.50
100337,500,170,1210,0.25,1.00
100338,500,170,1210,0.25,1.50
100339,500,170,1210,0.25,2.00
100340,500,170,1210,0.25,2.50
100341,500,170,1210,0.25,3.00
100342,500,170,1210,0.25,3.50
100343,1250,50,100,0.25,0.50
100344,1250,50,100,0.25,1.00
100345,1250,50,100,0.25,1.50
100346,1250,50,100,0.25,2.00
100347,1250,50,100,0.25,2.50
100348,1250,50,100,0.25,3.00
100349,1250,50,100,0.25,3.50
100350,1250,50,285,0.25,0.50
100351,1250,50,285,0.25,1.00
100352,1250,50,285,0.25,1.50
100353,1250,50,285,0.25,2.00
100354,1250,50,285,0.25,2.50
100355,1250,50,285,0.25,3.00
100356,1250,50,285,0.25,3.50
100357,1250,50,470,0.25,0.50
100358,1250,50,470,0.25,1.00
100359,1250,50,470,0.25,1.50
100360,1250,50,470,0.25,2.00
100361,1250,50,470,0.25,2.50
100362,1250,50,470,0.25,3.00
100363,1250,50,470,0.25,3.50
100364,1250,50,655,0.25,0.50
100365,1250,50,655,0.25,1.00
100366,1250,50,655,0.25,1.50
100367,1250,50,655,0.25,2.00
100368,1250,50,655,0.25,2.50
100369,1250,50,655,0.25,3.00
100370,1250,50,655,0.25,3.50
100371,1250,50,840,0.25,0.50
100372,1250,50,840,0.25,1.00
100373,1250,50,840,0.25,1.50
100374,1250,50,840,0.25,2.00
100375,1250,50,840,0.25,2.50
100376,1250,50,840,0.25,3.00
100377,1250,50,840,0.25,3.50
100378,1250,50,1025,0.25,0.50
100379,1250,50,1025,0.25,1.00
100380,1250,50,1025,0.25,1.50
100381,1250,50,1025,0.25,2.00
100382,1250,50,1025,0.25,2.50
100383,1250,50,1025,0.25,3.00
100384,1250,50,1025,0.25,3.50
100385,1250,50,1210,0.25,0.50
100386,1250,50,1210,0.25,1.00
100387,1250,50,1210,0.25,1.50
100388,1250,50,1210,0.25,2.00
100389,1250,50,1210,0.25,2.50
100390,1250,50,1210,0.25,3.00
100391,1250,50,1210,0.25,3.50
100392,1250,70,100,0.25,0.50
100393,1250,70,100,0.25,1.00
100394,1250,70,100,0.25,1.50
100395,1250,70,100,0.25,2.00
100396,1250,70,100,0.25,2.50
100397,1250,70,100,0.25,3.00
100398,1250,70,100,0.25,3.50
100399,1250,70,285,0.25,0.50
100400,1250,70,285,0.25,1.00
100401,1250,70,285,0.25,1.50
100402,1250,70,285,0.25,2.00
100403,1250,70,285,0.25,2.50
100404,1250,70,285,0.25,3.00
100405,1250,70,285,0.25,3.50
100406,1250,70,470,0.25,0.50
100407,1250,70,470,0.25,1.00
100408,1250,70,470,0.25,1.50
100409,1250,70,470,0.25,2.00
100410,1250,70,470,0.25,2.50
100411,1250,70,470,0.25,3.00
100412,1250,70,470,0.25,3.50
100413,1250,70,655,0.25,0.50
100414,1250,70,655,0.25,1.00
100415,1250,70,655,0.25,1.50
100416,1250,70,655,0.25,2.00
100417,1250,70,655,0.25,2.50
100418,1250,70,655,0.25,3.00
100419,1250,70,655,0.25,3.50
100420,1250,70,840,0.25,0.50
100421,1250,70,840,0.25,1.00
100422,1250,70,840,0.25,1.50
100423,1250,70,840,0.25,2.00
100424,1250,70,840,0.25,2.50
100425,1250,70,840,0.25,3.00
100426,1250,70,840,0.25,3.50
100427,1250,70,1025,0.25,0.50
100428,1250,70,1025,0.25,1.00
100429,1250,70,1025,0.25,1.50
100430,1250,70,1025,0.25,2.00
100431,1250,70,1025,0.25,2.50
100432,1250,70,1025,0.25,3.00
100433,1250,70,1025,0.25,3.50
100434,1250,70,1210,0.25,0.50
100435,1250,70,1210,0.25,1.00
100436,1250,70,1210,0.25,1.50
100437,1250,70,1210,0.25,2.00
100438,1250,70,1210,0.25,2.50
100439,1250,70,1210,0.25,3.00
100440,1250,70,1210,0.25,3.50
100441,1250,90,100,0.25,0.50
100442,1250,90,100,0.25,1.00
100443,1250,90,100,0.25,1.50
100444,1250,90,100,0.25,2.00
100445,1250,90,100,0.25,2.50
100446,1250,90,100,0.25,3.00
100447,1250,90,100,0.25,3.50
100448,1250,90,285,0.25,0.50
100449,1250,90,285,0.25,1.00
100450,1250,90,285,0.25,1.50
100451,1250,90,285,0.25,2.00
100452,1250,90,285,0.25,2.50
100453,1250,90,285,0.25,3.00
100454,1250,90,285,0.25,3.50
100455,1250,90,470,0.25,0.50
100456,1250,90,470,0.25,1.00
100457,1250,90,470,0.25,1.50
100458,1250,90,470,0.25,2.00
100459,1250,90,470,0.25,2.50
100460,1250,90,470,0.25,3.00
100461,1250,90,470,0.25,3.50
100462,1250,90,655,0.25,0.50
100463,1250,90,655,0.25,1.00
100464,1250,90,655,0.25,1.50
100465,1250,90,655,0.25,2.00
100466,1250,90,655,0.25,2.50
100467,1250,90,655,0.25,3.00
100468,1250,90,655,0.25,3.50
100469,1250,90,840,0.25,0.50
100470,1250,90,840,0.25,1.00
100471,1250,90,840,0.25,1.50
100472,1250,90,840,0.25,2.00
100473,1250,90,840,0.25,2.50
100474,1250,90,840,0.25,3.00
100475,1250,90,840,0.25,3.50
100476,1250,90,1025,0.25,0.50
100477,1250,90,1025,0.25,1.00
100478,1250,90,1025,0.25,1.50
100479,1250,90,1025,0.25,2.00
100480,1250,90,1025,0.25,2.50
100481,1250,90,1025,0.25,3.00
100482,1250,90,1025,0.25,3.50
100483,1250,90,1210,0.25,0.50
100484,1250,90,1210,0.25,1.00
100485,1250,90,1210,0.25,1.50
100486,1250,90,1210,0.25,2.00
100487,1250,90,1210,0.25,2.50
100488,1250,90,1210,0.25,3.00
100489,1250,90,1210,0.25,3.50
100490,1250,110,100,0.25,0.50
100491,1250,110,100,0.25,1.00
100492,1250,110,100,0.25,1.50
100493,1250,110,100,0.25,2.00
100494,1250,110,100,0.25,2.50
100495,1250,110,100,0.25,3.00
100496,1250,110,100,0.25,3.50
100497,1250,110,285,0.25,0.50
100498,1250,110,285,0.25,1.00
100499,1250,110,285,0.25,1.50
100500,1250,110,285,0.25,2.00
100501,1250,110,285,0.25,2.50
100502,1250,110,285,0.25,3.00
100503,1250,110,285,0.25,3.50
100504,1250,110,470,0.25,0.50
100505,1250,110,470,0.25,1.00
100506,1250,110,470,0.25,1.50
100507,1250,110,470,0.25,2.00
100508,1250,110,470,0.25,2.50
100509,1250,110,470,0.25,3.00
100510,1250,110,470,0.25,3.50
100511,1250,110,655,0.25,0.50
100512,1250,110,655,0.25,1.00
100513,1250,110,655,0.25,1.50
100514,1250,110,655,0.25,2.00
100515,1250,110,655,0.25,2.50
100516,1250,110,655,0.25,3.00
100517,1250,110,655,0.25,3.50
100518,1250,110,840,0.25,0.50
100519,1250,110,840,0.25,1.00
100520,1250,110,840,0.25,1.50
100521,1250,110,840,0.25,2.00
100522,1250,110,840,0.25,2.50
100523,1250,110,840,0.25,3.00
100524,1250,110,840,0.25,3.50
100525,1250,110,1025,0.25,0.50
100526,1250,110,1025,0.25,1.00
100527,1250,110,1025,0.25,1.50
100528,1250,110,1025,0.25,2.00
100529,1250,110,1025,0.25,2.50
100530,1250,110,1025,0.25,3.00
100531,1250,110,1025,0.25,3.50
100532,1250,110,1210,0.25,0.50
100533,1250,110,1210,0.25,1.00
100534,1250,110,1210,0.25,1.50
100535,1250,110,1210,0.25,2.00
100536,1250,110,1210,0.25,2.50
100537,1250,110,1210,0.25,3.00
100538,1250,110,1210,0.25,3.50
100539,1250,130,100,0.25,0.50
100540,1250,130,100,0.25,1.00
100541,1250,130,100,0.25,1.50
100542,1250,130,100,0.25,2.00
100543,1250,130,100,0.25,2.50
100544,1250,130,100,0.25,3.00
100545,1250,130,100,0.25,3.50
100546,1250,130,285,0.25,0.50
100547,1250,130,285,0.25,1.00
100548,1250,130,285,0.25,1.50
100549,1250,130,285,0.25,2.00
100550,1250,130,285,0.25,2.50
100551,1250,130,285,0.25,3.00
100552,1250,130,285,0.25,3.50
100553,1250,130,470,0.25,0.50
100554,1250,130,470,0.25,1.00
100555,1250,130,470,0.25,1.50
100556,1250,130,470,0.25,2.00
100557,1250,130,470,0.25,2.50
100558,1250,130,470,0.25,3.00
100559,1250,130,470,0.25,3.50
100560,1250,130,655,0.25,0.50
100561,1250,130,655,0.25,1.00
100562,1250,130,655,0.25,1.50
100563,1250,130,655,0.25,2.00
100564,1250,130,655,0.25,2.50
100565,1250,130,655,0.25,3.00
100566,1250,130,655,0.25,3.50
100567,1250,130,840,0.25,0.50
100568,1250,130,840,0.25,1.00
100569,1250,130,840,0.25,1.50
100570,1250,130,840,0.25,2.00
100571,1250,130,840,0.25,2.50
100572,1250,130,840,0.25,3.00
100573,1250,130,840,0.25,3.50
100574,1250,130,1025,0.25,0.50
100575,1250,130,1025,0.25,1.00
100576,1250,130,1025,0.25,1.50
100577,1250,130,1025,0.25,2.00
100578,1250,130,1025,0.25,2.50
100579,1250,130,1025,0.25,3.00
100580,1250,130,1025,0.25,3.50
100581,1250,130,1210,0.25,0.50
100582,1250,130,1210,0.25,1.00
100583,1250,130,1210,0.25,1.50
100584,1250,130,1210,0.25,2.00
100585,1250,130,1210,0.25,2.50
100586,1250,130,1210,0.25,3.00
100587,1250,130,1210,0.25,3.50
100588,1250,150,100,0.25,0.50
100589,1250,150,100,0.25,1.00
100590,1250,150,100,0.25,1.50
100591,1250,150,100,0.25,2.00
100592,1250,150,100,0.25,2.50
100593,1250,150,100,0.25,3.00
100594,1250,150,100,0.25,3.50
100595,1250,150,285,0.25,0.50
100596,1250,150,285,0.25,1.00
100597,1250,150,285,0.25,1.50
100598,1250,150,285,0.25,2.00
100599,1250,150,285,0.25,2.50
100600,1250,150,285,0.25,3.00
100601,1250,150,285,0.25,3.50
100602,1250,150,470,0.25,0.50
100603,1250,150,470,0.25,1.00
100604,1250,150,470,0.25,1.50
100605,1250,150,470,0.25,2.00
100606,1250,150,470,0.25,2.50
100607,1250,150,470,0.25,3.00
100608,1250,150,470,0.25,3.50
100609,1250,150,655,0.25,0.50
100610,1250,150,655,0.25,1.00
100611,1250,150,655,0.25,1.50
100612,1250,150,655,0.25,2.00
100613,1250,150,655,0.25,2.50
100614,1250,150,655,0.25,3.00
100615,1250,150,655,0.25,3.50
100616,1250,150,840,0.25,0.50
100617,1250,150,840,0.25,1.00
100618,1250,150,840,0.25,1.50
100619,1250,150,840,0.25,2.00
100620,1250,150,840,0.25,2.50
100621,1250,150,840,0.25,3.00
100622,1250,150,840,0.25,3.50
100623,1250,150,1025,0.25,0.50
100624,1250,150,1025,0.25,1.00
100625,1250,150,1025,0.25,1.50
100626,1250,150,1025,0.25,2.00
100627,1250,150,1025,0.25,2.50
100628,1250,150,1025,0.25,3.00
100629,1250,150,1025,0.25,3.50
100630,1250,150,1210,0.25,0.50
100631,1250,150,1210,0.25,1.00
100632,1250,150,1210,0.25,1.50
100633,1250,150,1210,0.25,2.00
100634,1250,150,1210,0.25,2.50
100635,1250,150,1210,0.25,3.00
100636,1250,150,1210,0.25,3.50
100637,1250,170,100,0.25,0.50
100638,1250,170,100,0.25,1.00
100639,1250,170,100,0.25,1.50
100640,1250,170,100,0.25,2.00
100641,1250,170,100,0.25,2.50
100642,1250,170,100,0.25,3.00
100643,1250,170,100,0.25,3.50
100644,1250,170,285,0.25,0.50
100645,1250,170,285,0.25,1.00
100646,1250,170,285,0.25,1.50
100647,1250,170,285,0.25,2.00
100648,1250,170,285,0.25,2.50
100649,1250,170,285,0.25,3.00
100650,1250,170,285,0.25,3.50
100651,1250,170,470,0.25,0.50
100652,1250,170,470,0.25,1.00
100653,1250,170,470,0.25,1.50
100654,1250,170,470,0.25,2.00
100655,1250,170,470,0.25,2.50
100656,1250,170,470,0.25,3.00
100657,1250,170,470,0.25,3.50
100658,1250,170,655,0.25,0.50
100659,1250,170,655,0.25,1.00
100660,1250,170,655,0.25,1.50
100661,1250,170,655,0.25,2.00
100662,1250,170,655,0.25,2.50
100663,1250,170,655,0.25,3.00
100664,1250,170,655,0.25,3.50
100665,1250,170,840,0.25,0.50
100666,1250,170,840,0.25,1.00
100667,1250,170,840,0.25,1.50
100668,1250,170,840,0.25,2.00
100669,1250,170,840,0.25,2.50
100670,1250,170,840,0.25,3.00
100671,1250,170,840,0.25,3.50
100672,1250,170,1025,0.25,0.50
100673,1250,170,1025,0.25,1.00
100674,1250,170,1025,0.25,1.50
100675,1250,170,1025,0.25,2.00
100676,1250,170,1025,0.25,2.50
100677,1250,170,1025,0.25,3.00
100678,1250,170,1025,0.25,3.50
100679,1250,170,1210,0.25,0.50
100680,1250,170,1210,0.25,1.00
100681,1250,170,1210,0.25,1.50
100682,1250,170,1210,0.25,2.00
100683,1250,170,1210,0.25,2.50
100684,1250,170,1210,0.25,3.00
100685,1250,170,1210,0.25,3.50
100686,2000,50,100,0.25,0.50
100687,2000,50,100,0.25,1.00
100688,2000,50,100,0.25,1.50
100689,2000,50,100,0.25,2.00
100690,2000,50,100,0.25,2.50
100691,2000,50,100,0.25,3.00
100692,2000,50,100,0.25,3.50
100693,2000,50,285,0.25,0.50
100694,2000,50,285,0.25,1.00
100695,2000,50,285,0.25,1.50
100696,2000,50,285,0.25,2.00
100697,2000,50,285,0.25,2.50
100698,2000,50,285,0.25,3.00
100699,2000,50,285,0.25,3.50
100700,2000,50,470,0.25,0.50
100701,2000,50,470,0.25,1.00
100702,2000,50,470,0.25,1.50
100703,2000,50,470,0.25,2.00
100704,2000,50,470,0.25,2.50
100705,2000,50,470,0.25,3.00
100706,2000,50,470,0.25,3.50
100707,2000,50,655,0.25,0.50
100708,2000,50,655,0.25,1.00
100709,2000,50,655,0.25,1.50
100710,2000,50,655,0.25,2.00
100711,2000,50,655,0.25,2.50
100712,2000,50,655,0.25,3.00
100713,2000,50,655,0.25,3.50
100714,2000,50,840,0.25,0.50
100715,2000,50,840,0.25,1.00
100716,2000,50,840,0.25,1.50
100717,2000,50,840,0.25,2.00
100718,2000,50,840,0.25,2.50
100719,2000,50,840,0.25,3.00
100720,2000,50,840,0.25,3.50
100721,2000,50,1025,0.25,0.50
100722,2000,50,1025,0.25,1.00
100723,2000,50,1025,0.25,1.50
100724,2000,50,1025,0.25,2.00
100725,2000,50,1025,0.25,2.50
100726,2000,50,1025,0.25,3.00
100727,2000,50,1025,0.25,3.50
100728,2000,50,1210,0.25,0.50
100729,2000,50,1210,0.25,1.00
100730,2000,50,1210,0.25,1.50
100731,2000,50,1210,0.25,2.00
100732,2000,50,1210,0.25,2.50
100733,2000,50,1210,0.25,3.00
100734,2000,50,1210,0.25,3.50
100735,2000,70,100,0.25,0.50
100736,2000,70,100,0.25,1.00
100737,2000,70,100,0.25,1.50
100738,2000,70,100,0.25,2.00
100739,2000,70,100,0.25,2.50
100740,2000,70,100,0.25,3.00
100741,2000,70,100,0.25,3.50
100742,2000,70,285,0.25,0.50
100743,2000,70,285,0.25,1.00
100744,2000,70,285,0.25,1.50
100745,2000,70,285,0.25,2.00
100746,2000,70,285,0.25,2.50
100747,2000,70,285,0.25,3.00
100748,2000,70,285,0.25,3.50
100749,2000,70,470,0.25,0.50
100750,2000,70,470,0.25,1.00
100751,2000,70,470,0.25,1.50
100752,2000,70,470,0.25,2.00
100753,2000,70,470,0.25,2.50
100754,2000,70,470,0.25,3.00
100755,2000,70,470,0.25,3.50
100756,2000,70,655,0.25,0.50
100757,2000,70,655,0.25,1.00
100758,2000,70,655,0.25,1.50
100759,2000,70,655,0.25,2.00
100760,2000,70,655,0.25,2.50
100761,2000,70,655,0.25,3.00
100762,2000,70,655,0.25,3.50
100763,2000,70,840,0.25,0.50
100764,2000,70,840,0.25,1.00
100765,2000,70,840,0.25,1.50
100766,2000,70,840,0.25,2.00
100767,2000,70,840,0.25,2.50
100768,2000,70,840,0.25,3.00
100769,2000,70,840,0.25,3.50
100770,2000,70,1025,0.25,0.50
100771,2000,70,1025,0.25,1.00
100772,2000,70,1025,0.25,1.50
100773,2000,70,1025,0.25,2.00
100774,2000,70,1025,0.25,2.50
100775,2000,70,1025,0.25,3.00
100776,2000,70,1025,0.25,3.50
100777,2000,70,1210,0.25,0.50
100778,2000,70,1210,0.25,1.00
100779,2000,70,1210,0.25,1.50
100780,2000,70,1210,0.25,2.00
100781,2000,70,1210,0.25,2.50
100782,2000,70,1210,0.25,3.00
100783,2000,70,1210,0.25,3.50
100784,2000,90,100,0.25,0.50
100785,2000,90,100,0.25,1.00
100786,2000,90,100,0.25,1.50
100787,2000,90,100,0.25,2.00
100788,2000,90,100,0.25,2.50
100789,2000,90,100,0.25,3.00
100790,2000,90,100,0.25,3.50
100791,2000,90,285,0.25,0.50
100792,2000,90,285,0.25,1.00
100793,2000,90,285,0.25,1.50
100794,2000,90,285,0.25,2.00
100795,2000,90,285,0.25,2.50
100796,2000,90,285,0.25,3.00
100797,2000,90,285,0.25,3.50
100798,2000,90,470,0.25,0.50
100799,2000,90,470,0.25,1.00
100800,2000,90,470,0.25,1.50
100801,2000,90,470,0.25,2.00
100802,2000,90,470,0.25,2.50
100803,2000,90,470,0.25,3.00
100804,2000,90,470,0.25,3.50
100805,2000,90,655,0.25,0.50
100806,2000,90,655,0.25,1.00
100807,2000,90,655,0.25,1.50
100808,2000,90,655,0.25,2.00
100809,2000,90,655,0.25,2.50
100810,2000,90,655,0.25,3.00
100811,2000,90,655,0.25,3.50
100812,2000,90,840,0.25,0.50
100813,2000,90,840,0.25,1.00
100814,2000,90,840,0.25,1.50
100815,2000,90,840,0.25,2.00
100816,2000,90,840,0.25,2.50
100817,2000,90,840,0.25,3.00
100818,2000,90,840,0.25,3.50
100819,2000,90,1025,0.25,0.50
100820,2000,90,1025,0.25,1.00
100821,2000,90,1025,0.25,1.50
100822,2000,90,1025,0.25,2.00
100823,2000,90,1025,0.25,2.50
100824,2000,90,1025,0.25,3.00
100825,2000,90,1025,0.25,3.50
100826,2000,90,1210,0.25,0.50
100827,2000,90,1210,0.25,1.00
100828,2000,90,1210,0.25,1.50
100829,2000,90,1210,0.25,2.00
100830,2000,90,1210,0.25,2.50
100831,2000,90,1210,0.25,3.00
100832,2000,90,1210,0.25,3.50
100833,2000,110,100,0.25,0.50
100834,2000,110,100,0.25,1.00
100835,2000,110,100,0.25,1.50
100836,2000,110,100,0.25,2.00
100837,2000,110,100,0.25,2.50
100838,2000,110,100,0.25,3.00
100839,2000,110,100,0.25,3.50
100840,2000,110,285,0.25,0.50
100841,2000,110,285,0.25,1.00
100842,2000,110,285,0.25,1.50
100843,2000,110,285,0.25,2.00
100844,2000,110,285,0.25,2.50
100845,2000,110,285,0.25,3.00
100846,2000,110,285,0.25,3.50
100847,2000,110,470,0.25,0.50
100848,2000,110,470,0.25,1.00
100849,2000,110,470,0.25,1.50
100850,2000,110,470,0.25,2.00
100851,2000,110,470,0.25,2.50
100852,2000,110,470,0.25,3.00
100853,2000,110,470,0.25,3.50
100854,2000,110,655,0.25,0.50
100855,2000,110,655,0.25,1.00
100856,2000,110,655,0.25,1.50
100857,2000,110,655,0.25,2.00
100858,2000,110,655,0.25,2.50
100859,2000,110,655,0.25,3.00
100860,2000,110,655,0.25,3.50
100861,2000,110,840,0.25,0.50
100862,2000,110,840,0.25,1.00
100863,2000,110,840,0.25,1.50
100864,2000,110,840,0.25,2.00
100865,2000,110,840,0.25,2.50
100866,2000,110,840,0.25,3.00
100867,2000,110,840,0.25,3.50
100868,2000,110,1025,0.25,0.50
100869,2000,110,1025,0.25,1.00
100870,2000,110,1025,0.25,1.50
100871,2000,110,1025,0.25,2.00
100872,2000,110,1025,0.25,2.50
100873,2000,110,1025,0.25,3.00
100874,2000,110,1025,0.25,3.50
100875,2000,110,1210,0.25,0.50
100876,2000,110,1210,0.25,1.00
100877,2000,110,1210,0.25,1.50
100878,2000,110,1210,0.25,2.00
100879,2000,110,1210,0.25,2.50
100880,2000,110,1210,0.25,3.00
100881,2000,110,1210,0.25,3.50
100882,2000,130,100,0.25,0.50
100883,2000,130,100,0.25,1.00
100884,2000,130,100,0.25,1.50
100885,2000,130,100,0.25,2.00
100886,2000,130,100,0.25,2.50
100887,2000,130,100,0.25,3.00
100888,2000,130,100,0.25,3.50
100889,2000,130,285,0.25,0.50
100890,2000,130,285,0.25,1.00
100891,2000,130,285,0.25,1.50
100892,2000,130,285,0.25,2.00
100893,2000,130,285,0.25,2.50
100894,2000,130,285,0.25,3.00
100895,2000,130,285,0.25,3.50
100896,2000,130,470,0.25,0.50
100897,2000,130,470,0.25,1.00
100898,2000,130,470,0.25,1.50
100899,2000,130,470,0.25,2.00
100900,2000,130,470,0.25,2.50
100901,2000,130,470,0.25,3.00
100902,2000,130,470,0.25,3.50
100903,2000,130,655,0.25,0.50
100904,2000,130,655,0.25,1.00
100905,2000,130,655,0.25,1.50
100906,2000,130,655,0.25,2.00
100907,2000,130,655,0.25,2.50
100908,2000,130,655,0.25,3.00
100909,2000,130,655,0.25,3.50
100910,2000,130,840,0.25,0.50
100911,2000,130,840,0.25,1.00
100912,2000,130,840,0.25,1.50
100913,2000,130,840,0.25,2.00
100914,2000,130,840,0.25,2.50
100915,2000,130,840,0.25,3.00
100916,2000,130,840,0.25,3.50
100917,2000,130,1025,0.25,0.50
100918,2000,130,1025,0.25,1.00
100919,2000,130,1025,0.25,1.50
100920,2000,130,1025,0.25,2.00
100921,2000,130,1025,0.25,2.50
100922,2000,130,1025,0.25,3.00
100923,2000,130,1025,0.25,3.50
100924,2000,130,1210,0.25,0.50
100925,2000,130,1210,0.25,1.00
100926,2000,130,1210,0.25,1.50
100927,2000,130,1210,0.25,2.00
100928,2000,130,1210,0.25,2.50
100929,2000,130,1210,0.25,3.00
100930,2000,130,1210,0.25,3.50
100931,2000,150,100,0.25,0.50
100932,2000,150,100,0.25,1.00
100933,2000,150,100,0.25,1.50
100934,2000,150,100,0.25,2.00
100935,2000,150,100,0.25,2.50
100936,2000,150,100,0.25,3.00
100937,2000,150,100,0.25,3.50
100938,2000,150,285,0.25,0.50
100939,2000,150,285,0.25,1.00
100940,2000,150,285,0.25,1.50
100941,2000,150,285,0.25,2.00
100942,2000,150,285,0.25,2.50
100943,2000,150,285,0.25,3.00
100944,2000,150,285,0.25,3.50
100945,2000,150,470,0.25,0.50
100946,2000,150,470,0.25,1.00
100947,2000,150,470,0.25,1.50
100948,2000,150,470,0.25,2.00
100949,2000,150,470,0.25,2.50
100950,2000,150,470,0.25,3.00
100951,2000,150,470,0.25,3.50
100952,2000,150,655,0.25,0.50
100953,2000,150,655,0.25,1.00
100954,2000,150,655,0.25,1.50
100955,2000,150,655,0.25,2.00
100956,2000,150,655,0.25,2.50
100957,2000,150,655,0.25,3.00
100958,2000,150,655,0.25,3.50
100959,2000,150,840,0.25,0.50
100960,2000,150,840,0.25,1.00
100961,2000,150,840,0.25,1.50
100962,2000,150,840,0.25,2.00
100963,2000,150,840,0.25,2.50
100964,2000,150,840,0.25,3.00
100965,2000,150,840,0.25,3.50
100966,2000,150,1025,0.25,0.50
100967,2000,150,1025,0.25,1.00
100968,2000,150,1025,0.25,1.50
100969,2000,150,1025,0.25,2.00
100970,2000,150,1025,0.25,2.50
100971,2000,150,1025,0.25,3.00
100972,2000,150,1025,0.25,3.50
100973,2000,150,1210,0.25,0.50
100974,2000,150,1210,0.25,1.00
100975,2000,150,1210,0.25,1.50
100976,2000,150,1210,0.25,2.00
100977,2000,150,1210,0.25,2.50
100978,2000,150,1210,0.25,3.00
100979,2000,150,1210,0.25,3.50
100980,2000,170,100,0.25,0.50
100981,2000,170,100,0.25,1.00
100982,2000,170,100,0.25,1.50
100983,2000,170,100,0.25,2.00
100984,2000,170,100,0.25,2.50
100985,2000,170,100,0.25,3.00
100986,2000,170,100,0.25,3.50
100987,2000,170,285,0.25,0.50
100988,2000,170,285,0.25,1.00
100989,2000,170,285,0.25,1.50
100990,2000,170,285,0.25,2.00
100991,2000,170,285,0.25,2.50
100992,2000,170,285,0.25,3.00
100993,2000,170,285,0.25,3.50
100994,2000,170,470,0.25,0.50
100995,2000,170,470,0.25,1.00
100996,2000,170,470,0.25,1.50
100997,2000,170,470,0.25,2.00
100998,2000,170,470,0.25,2.50
100999,2000,170,470,0.25,3.00
101000,2000,170,470,0.25,3.50
101001,2000,170,655,0.25,0.50
101002,2000,170,655,0.25,1.00
101003,2000,170,655,0.25,1.50
101004,2000,170,655,0.25,2.00
101005,2000,170,655,0.25,2.50
101006,2000,170,655,0.25,3.00
101007,2000,170,655,0.25,3.50
101008,2000,170,840,0.25,0.50
101009,2000,170,840,0.25,1.00
101010,2000,170,840,0.25,1.50
101011,2000,170,840,0.25,2.00
101012,2000,170,840,0.25,2.50
101013,2000,170,840,0.25,3.00
101014,2000,170,840,0.25,3.50
101015,2000,170,1025,0.25,0.50
101016,2000,170,1025,0.25,1.00
101017,2000,170,1025,0.25,1.50
101018,2000,170,1025,0.25,2.00
101019,2000,170,1025,0.25,2.50
101020,2000,170,1025,0.25,3.00
101021,2000,170,1025,0.25,3.50
101022,2000,170,1210,0.25,0.50
101023,2000,170,1210,0.25,1.00
101024,2000,170,1210,0.25,1.50
101025,2000,170,1210,0.25,2.00
101026,2000,170,1210,0.25,2.50
101027,2000,170,1210,0.25,3.00
101028,2000,170,1210,0.25,3.50
101029,2750,50,100,0.25,0.50
101030,2750,50,100,0.25,1.00
101031,2750,50,100,0.25,1.50
101032,2750,50,100,0.25,2.00
101033,2750,50,100,0.25,2.50
101034,2750,50,100,0.25,3.00
101035,2750,50,100,0.25,3.50
101036,2750,50,285,0.25,0.50
101037,2750,50,285,0.25,1.00
101038,2750,50,285,0.25,1.50
101039,2750,50,285,0.25,2.00
101040,2750,50,285,0.25,2.50
101041,2750,50,285,0.25,3.00
101042,2750,50,285,0.25,3.50
101043,2750,50,470,0.25,0.50
101044,2750,50,470,0.25,1.00
101045,2750,50,470,0.25,1.50
101046,2750,50,470,0.25,2.00
101047,2750,50,470,0.25,2.50
101048,2750,50,470,0.25,3.00
101049,2750,50,470,0.25,3.50
101050,2750,50,655,0.25,0.50
101051,2750,50,655,0.25,1.00
101052,2750,50,655,0.25,1.50
101053,2750,50,655,0.25,2.00
101054,2750,50,655,0.25,2.50
101055,2750,50,655,0.25,3.00
101056,2750,50,655,0.25,3.50
101057,2750,50,840,0.25,0.50
101058,2750,50,840,0.25,1.00
101059,2750,50,840,0.25,1.50
101060,2750,50,840,0.25,2.00
101061,2750,50,840,0.25,2.50
101062,2750,50,840,0.25,3.00
101063,2750,50,840,0.25,3.50
101064,2750,50,1025,0.25,0.50
101065,2750,50,1025,0.25,1.00
101066,2750,50,1025,0.25,1.50
101067,2750,50,1025,0.25,2.00
101068,2750,50,1025,0.25,2.50
101069,2750,50,1025,0.25,3.00
101070,2750,50,1025,0.25,3.50
101071,2750,50,1210,0.25,0.50
101072,2750,50,1210,0.25,1.00
101073,2750,50,1210,0.25,1.50
101074,2750,50,1210,0.25,2.00
101075,2750,50,1210,0.25,2.50
101076,2750,50,1210,0.25,3.00
101077,2750,50,1210,0.25,3.50
101078,2750,70,100,0.25,0.50
101079,2750,70,100,0.25,1.00
101080,2750,70,100,0.25,1.50
101081,2750,70,100,0.25,2.00
101082,2750,70,100,0.25,2.50
101083,2750,70,100,0.25,3.00
101084,2750,70,100,0.25,3.50
101085,2750,70,285,0.25,0.50
101086,2750,70,285,0.25,1.00
101087,2750,70,285,0.25,1.50
101088,2750,70,285,0.25,2.00
101089,2750,70,285,0.25,2.50
101090,2750,70,285,0.25,3.00
101091,2750,70,285,0.25,3.50
101092,2750,70,470,0.25,0.50
101093,2750,70,470,0.25,1.00
101094,2750,70,470,0.25,1.50
101095,2750,70,470,0.25,2.00
101096,2750,70,470,0.25,2.50
101097,2750,70,470,0.25,3.00
101098,2750,70,470,0.25,3.50
101099,2750,70,655,0.25,0.50
101100,2750,70,655,0.25,1.00
101101,2750,70,655,0.25,1.50
101102,2750,70,655,0.25,2.00
101103,2750,70,655,0.25,2.50
101104,2750,70,655,0.25,3.00
101105,2750,70,655,0.25,3.50
101106,2750,70,840,0.25,0.50
101107,2750,70,840,0.25,1.00
101108,2750,70,840,0.25,1.50
101109,2750,70,840,0.25,2.00
101110,2750,70,840,0.25,2.50
101111,2750,70,840,0.25,3.00
101112,2750,70,840,0.25,3.50
101113,2750,70,1025,0.25,0.50
101114,2750,70,1025,0.25,1.00
101115,2750,70,1025,0.25,1.50
101116,2750,70,1025,0.25,2.00
101117,2750,70,1025,0.25,2.50
101118,2750,70,1025,0.25,3.00
101119,2750,70,1025,0.25,3.50
101120,2750,70,1210,0.25,0.50
101121,2750,70,1210,0.25,1.00
101122,2750,70,1210,0.25,1.50
101123,2750,70,1210,0.25,2.00
101124,2750,70,1210,0.25,2.50
101125,2750,70,1210,0.25,3.00
101126,2750,70,1210,0.25,3.50
101127,2750,90,100,0.25,0.50
101128,2750,90,100,0.25,1.00
101129,2750,90,100,0.25,1.50
101130,2750,90,100,0.25,2.00
101131,2750,90,100,0.25,2.50
101132,2750,90,100,0.25,3.00
101133,2750,90,100,0.25,3.50
101134,2750,90,285,0.25,0.50
101135,2750,90,285,0.25,1.00
101136,2750,90,285,0.25,1.50
101137,2750,90,285,0.25,2.00
101138,2750,90,285,0.25,2.50
101139,2750,90,285,0.25,3.00
101140,2750,90,285,0.25,3.50
101141,2750,90,470,0.25,0.50
101142,2750,90,470,0.25,1.00
101143,2750,90,470,0.25,1.50
101144,2750,90,470,0.25,2.00
101145,2750,90,470,0.25,2.50
101146,2750,90,470,0.25,3.00
101147,2750,90,470,0.25,3.50
101148,2750,90,655,0.25,0.50
101149,2750,90,655,0.25,1.00
101150,2750,90,655,0.25,1.50
101151,2750,90,655,0.25,2.00
101152,2750,90,655,0.25,2.50
101153,2750,90,655,0.25,3.00
101154,2750,90,655,0.25,3.50
101155,2750,90,840,0.25,0.50
101156,2750,90,840,0.25,1.00
101157,2750,90,840,0.25,1.50
101158,2750,90,840,0.25,2.00
101159,2750,90,840,0.25,2.50
101160,2750,90,840,0.25,3.00
101161,2750,90,840,0.25,3.50
101162,2750,90,1025,0.25,0.50
101163,2750,90,1025,0.25,1.00
101164,2750,90,1025,0.25,1.50
101165,2750,90,1025,0.25,2.00
101166,2750,90,1025,0.25,2.50
101167,2750,90,1025,0.25,3.00
101168,2750,90,1025,0.25,3.50
101169,2750,90,1210,0.25,0.50
101170,2750,90,1210,0.25,1.00
101171,2750,90,1210,0.25,1.50
101172,2750,90,1210,0.25,2.00
101173,2750,90,1210,0.25,2.50
101174,2750,90,1210,0.25,3.00
101175,2750,90,1210,0.25,3.50
101176,2750,110,100,0.25,0.50
101177,2750,110,100,0.25,1.00
101178,2750,110,100,0.25,1.50
101179,2750,110,100,0.25,2.00
101180,2750,110,100,0.25,2.50
101181,2750,110,100,0.25,3.00
101182,2750,110,100,0.25,3.50
101183,2750,110,285,0.25,0.50
101184,2750,110,285,0.25,1.00
101185,2750,110,285,0.25,1.50
101186,2750,110,285,0.25,2.00
101187,2750,110,285,0.25,2.50
101188,2750,110,285,0.25,3.00
101189,2750,110,285,0.25,3.50
101190,2750,110,470,0.25,0.50
101191,2750,110,470,0.25,1.00
101192,2750,110,470,0.25,1.50
101193,2750,110,470,0.25,2.00
101194,2750,110,470,0.25,2.50
101195,2750,110,470,0.25,3.00
101196,2750,110,470,0.25,3.50
101197,2750,110,655,0.25,0.50
101198,2750,110,655,0.25,1.00
101199,2750,110,655,0.25,1.50
101200,2750,110,655,0.25,2.00
101201,2750,110,655,0.25,2.50
101202,2750,110,655,0.25,3.00
101203,2750,110,655,0.25,3.50
101204,2750,110,840,0.25,0.50
101205,2750,110,840,0.25,1.00
101206,2750,110,840,0.25,1.50
101207,2750,110,840,0.25,2.00
101208,2750,110,840,0.25,2.50
101209,2750,110,840,0.25,3.00
101210,2750,110,840,0.25,3.50
101211,2750,110,1025,0.25,0.50
101212,2750,110,1025,0.25,1.00
101213,2750,110,1025,0.25,1.50
101214,2750,110,1025,0.25,2.00
101215,2750,110,1025,0.25,2.50
101216,2750,110,1025,0.25,3.00
101217,2750,110,1025,0.25,3.50
101218,2750,110,1210,0.25,0.50
101219,2750,110,1210,0.25,1.00
101220,2750,110,1210,0.25,1.50
101221,2750,110,1210,0.25,2.00
101222,2750,110,1210,0.25,2.50
101223,2750,110,1210,0.25,3.00
101224,2750,110,1210,0.25,3.50
101225,2750,130,100,0.25,0.50
101226,2750,130,100,0.25,1.00
101227,2750,130,100,0.25,1.50
101228,2750,130,100,0.25,2.00
101229,2750,130,100,0.25,2.50
101230,2750,130,100,0.25,3.00
101231,2750,130,100,0.25,3.50
101232,2750,130,285,0.25,0.50
101233,2750,130,285,0.25,1.00
101234,2750,130,285,0.25,1.50
101235,2750,130,285,0.25,2.00
101236,2750,130,285,0.25,2.50
101237,2750,130,285,0.25,3.00
101238,2750,130,285,0.25,3.50
101239,2750,130,470,0.25,0.50
101240,2750,130,470,0.25,1.00
101241,2750,130,470,0.25,1.50
101242,2750,130,470,0.25,2.00
101243,2750,130,470,0.25,2.50
101244,2750,130,470,0.25,3.00
101245,2750,130,470,0.25,3.50
101246,2750,130,655,0.25,0.50
101247,2750,130,655,0.25,1.00
101248,2750,130,655,0.25,1.50
101249,2750,130,655,0.25,2.00
101250,2750,130,655,0.25,2.50
101251,2750,130,655,0.25,3.00
101252,2750,130,655,0.25,3.50
101253,2750,130,840,0.25,0.50
101254,2750,130,840,0.25,1.00
101255,2750,130,840,0.25,1.50
101256,2750,130,840,0.25,2.00
101257,2750,130,840,0.25,2.50
101258,2750,130,840,0.25,3.00
101259,2750,130,840,0.25,3.50
101260,2750,130,1025,0.25,0.50
101261,2750,130,1025,0.25,1.00
101262,2750,130,1025,0.25,1.50
101263,2750,130,1025,0.25,2.00
101264,2750,130,1025,0.25,2.50
101265,2750,130,1025,0.25,3.00
101266,2750,130,1025,0.25,3.50
101267,2750,130,1210,0.25,0.50
101268,2750,130,1210,0.25,1.00
101269,2750,130,1210,0.25,1.50
101270,2750,130,1210,0.25,2.00
101271,2750,130,1210,0.25,2.50
101272,2750,130,1210,0.25,3.00
101273,2750,130,1210,0.25,3.50
101274,2750,150,100,0.25,0.50
101275,2750,150,100,0.25,1.00
101276,2750,150,100,0.25,1.50
101277,2750,150,100,0.25,2.00
101278,2750,150,100,0.25,2.50
101279,2750,150,100,0.25,3.00
101280,2750,150,100,0.25,3.50
101281,2750,150,285,0.25,0.50
101282,2750,150,285,0.25,1.00
101283,2750,150,285,0.25,1.50
101284,2750,150,285,0.25,2.00
101285,2750,150,285,0.25,2.50
101286,2750,150,285,0.25,3.00
101287,2750,150,285,0.25,3.50
101288,2750,150,470,0.25,0.50
101289,2750,150,470,0.25,1.00
101290,2750,150,470,0.25,1.50
101291,2750,150,470,0.25,2.00
101292,2750,150,470,0.25,2.50
101293,2750,150,470,0.25,3.00
101294,2750,150,470,0.25,3.50
101295,2750,150,655,0.25,0.50
101296,2750,150,655,0.25,1.00
101297,2750,150,655,0.25,1.50
101298,2750,150,655,0.25,2.00
101299,2750,150,655,0.25,2.50
101300,2750,150,655,0.25,3.00
101301,2750,150,655,0.25,3.50
101302,2750,150,840,0.25,0.50
101303,2750,150,840,0.25,1.00
101304,2750,150,840,0.25,1.50
101305,2750,150,840,0.25,2.00
101306,2750,150,840,0.25,2.50
101307,2750,150,840,0.25,3.00
101308,2750,150,840,0.25,3.50
101309,2750,150,1025,0.25,0.50
101310,2750,150,1025,0.25,1.00
101311,2750,150,1025,0.25,1.50
101312,2750,150,1025,0.25,2.00
101313,2750,150,1025,0.25,2.50
101314,2750,150,1025,0.25,3.00
101315,2750,150,1025,0.25,3.50
101316,2750,150,1210,0.25,0.50
101317,2750,150,1210,0.25,1.00
101318,2750,150,1210,0.25,1.50
101319,2750,150,1210,0.25,2.00
101320,2750,150,1210,0.25,2.50
101321,2750,150,1210,0.25,3.00
101322,2750,150,1210,0.25,3.50
101323,2750,170,100,0.25,0.50
101324,2750,170,100,0.25,1.00
101325,2750,170,100,0.25,1.50
101326,2750,170,100,0.25,2.00
101327,2750,170,100,0.25,2.50
101328,2750,170,100,0.25,3.00
101329,2750,170,100,0.25,3.50
101330,2750,170,285,0.25,0.50
101331,2750,170,285,0.25,1.00
101332,2750,170,285,0.25,1.50
101333,2750,170,285,0.25,2.00
101334,2750,170,285,0.25,2.50
101335,2750,170,285,0.25,3.00
101336,2750,170,285,0.25,3.50
101337,2750,170,470,0.25,0.50
101338,2750,170,470,0.25,1.00
101339,2750,170,470,0.25,1.50
101340,2750,170,470,0.25,2.00
101341,2750,170,470,0.25,2.50
101342,2750,170,470,0.25,3.00
101343,2750,170,470,0.25,3.50
101344,2750,170,655,0.25,0.50
101345,2750,170,655,0.25,1.00
101346,2750,170,655,0.25,1.50
101347,2750,170,655,0.25,2.00
101348,2750,170,655,0.25,2.50
101349,2750,170,655,0.25,3.00
101350,2750,170,655,0.25,3.50
101351,2750,170,840,0.25,0.50
101352,2750,170,840,0.25,1.00
101353,2750,170,840,0.25,1.50
101354,2750,170,840,0.25,2.00
101355,2750,170,840,0.25,2.50
101356,2750,170,840,0.25,3.00
101357,2750,170,840,0.25,3.50
101358,2750,170,1025,0.25,0.50
101359,2750,170,1025,0.25,1.00
101360,2750,170,1025,0.25,1.50
101361,2750,170,1025,0.25,2.00
101362,2750,170,1025,0.25,2.50
101363,2750,170,1025,0.25,3.00
101364,2750,170,1025,0.25,3.50
101365,2750,170,1210,0.25,0.50
101366,2750,170,1210,0.25,1.00
101367,2750,170,1210,0.25,1.50
101368,2750,170,1210,0.25,2.00
101369,2750,170,1210,0.25,2.50
101370,2750,170,1210,0.25,3.00
101371,2750,170,1210,0.25,3.50
101372,3500,50,100,0.25,0.50
101373,3500,50,100,0.25,1.00
101374,3500,50,100,0.25,1.50
101375,3500,50,100,0.25,2.00
101376,3500,50,100,0.25,2.50
101377,3500,50,100,0.25,3.00
101378,3500,50,100,0.25,3.50
101379,3500,50,285,0.25,0.50
101380,3500,50,285,0.25,1.00
101381,3500,50,285,0.25,1.50
101382,3500,50,285,0.25,2.00
101383,3500,50,285,0.25,2.50
101384,3500,50,285,0.25,3.00
101385,3500,50,285,0.25,3.50
101386,3500,50,470,0.25,0.50
101387,3500,50,470,0.25,1.00
101388,3500,50,470,0.25,1.50
101389,3500,50,470,0.25,2.00
101390,3500,50,470,0.25,2.50
101391,3500,50,470,0.25,3.00
101392,3500,50,470,0.25,3.50
101393,3500,50,655,0.25,0.50
101394,3500,50,655,0.25,1.00
101395,3500,50,655,0.25,1.50
101396,3500,50,655,0.25,2.00
101397,3500,50,655,0.25,2.50
101398,3500,50,655,0.25,3.00
101399,3500,50,655,0.25,3.50
101400,3500,50,840,0.25,0.50
101401,3500,50,840,0.25,1.00
101402,3500,50,840,0.25,1.50
101403,3500,50,840,0.25,2.00
101404,3500,50,840,0.25,2.50
101405,3500,50,840,0.25,3.00
101406,3500,50,840,0.25,3.50
101407,3500,50,1025,0.25,0.50
101408,3500,50,1025,0.25,1.00
101409,3500,50,1025,0.25,1.50
101410,3500,50,1025,0.25,2.00
101411,3500,50,1025,0.25,2.50
101412,3500,50,1025,0.25,3.00
101413,3500,50,1025,0.25,3.50
101414,3500,50,1210,0.25,0.50
101415,3500,50,1210,0.25,1.00
101416,3500,50,1210,0.25,1.50
101417,3500,50,1210,0.25,2.00
101418,3500,50,1210,0.25,2.50
101419,3500,50,1210,0.25,3.00
101420,3500,50,1210,0.25,3.50
101421,3500,70,100,0.25,0.50
101422,3500,70,100,0.25,1.00
101423,3500,70,100,0.25,1.50
101424,3500,70,100,0.25,2.00
101425,3500,70,100,0.25,2.50
101426,3500,70,100,0.25,3.00
101427,3500,70,100,0.25,3.50
101428,3500,70,285,0.25,0.50
101429,3500,70,285,0.25,1.00
101430,3500,70,285,0.25,1.50
101431,3500,70,285,0.25,2.00
101432,3500,70,285,0.25,2.50
101433,3500,70,285,0.25,3.00
101434,3500,70,285,0.25,3.50
101435,3500,70,470,0.25,0.50
101436,3500,70,470,0.25,1.00
101437,3500,70,470,0.25,1.50
101438,3500,70,470,0.25,2.00
101439,3500,70,470,0.25,2.50
101440,3500,70,470,0.25,3.00
101441,3500,70,470,0.25,3.50
101442,3500,70,655,0.25,0.50
101443,3500,70,655,0.25,1.00
101444,3500,70,655,0.25,1.50
101445,3500,70,655,0.25,2.00
101446,3500,70,655,0.25,2.50
101447,3500,70,655,0.25,3.00
101448,3500,70,655,0.25,3.50
101449,3500,70,840,0.25,0.50
101450,3500,70,840,0.25,1.00
101451,3500,70,840,0.25,1.50
101452,3500,70,840,0.25,2.00
101453,3500,70,840,0.25,2.50
101454,3500,70,840,0.25,3.00
101455,3500,70,840,0.25,3.50
101456,3500,70,1025,0.25,0.50
101457,3500,70,1025,0.25,1.00
101458,3500,70,1025,0.25,1.50
101459,3500,70,1025,0.25,2.00
101460,3500,70,1025,0.25,2.50
101461,3500,70,1025,0.25,3.00
101462,3500,70,1025,0.25,3.50
101463,3500,70,1210,0.25,0.50
101464,3500,70,1210,0.25,1.00
101465,3500,70,1210,0.25,1.50
101466,3500,70,1210,0.25,2.00
101467,3500,70,1210,0.25,2.50
101468,3500,70,1210,0.25,3.00
101469,3500,70,1210,0.25,3.50
101470,3500,90,100,0.25,0.50
101471,3500,90,100,0.25,1.00
101472,3500,90,100,0.25,1.50
101473,3500,90,100,0.25,2.00
101474,3500,90,100,0.25,2.50
101475,3500,90,100,0.25,3.00
101476,3500,90,100,0.25,3.50
101477,3500,90,285,0.25,0.50
101478,3500,90,285,0.25,1.00
101479,3500,90,285,0.25,1.50
101480,3500,90,285,0.25,2.00
101481,3500,90,285,0.25,2.50
101482,3500,90,285,0.25,3.00
101483,3500,90,285,0.25,3.50
101484,3500,90,470,0.25,0.50
101485,3500,90,470,0.25,1.00
101486,3500,90,470,0.25,1.50
101487,3500,90,470,0.25,2.00
101488,3500,90,470,0.25,2.50
101489,3500,90,470,0.25,3.00
101490,3500,90,470,0.25,3.50
101491,3500,90,655,0.25,0.50
101492,3500,90,655,0.25,1.00
101493,3500,90,655,0.25,1.50
101494,3500,90,655,0.25,2.00
101495,3500,90,655,0.25,2.50
101496,3500,90,655,0.25,3.00
101497,3500,90,655,0.25,3.50
101498,3500,90,840,0.25,0.50
101499,3500,90,840,0.25,1.00
101500,3500,90,840,0.25,1.50
101501,3500,90,840,0.25,2.00
101502,3500,90,840,0.25,2.50
101503,3500,90,840,0.25,3.00
101504,3500,90,840,0.25,3.50
101505,3500,90,1025,0.25,0.50
101506,3500,90,1025,0.25,1.00
101507,3500,90,1025,0.25,1.50
101508,3500,90,1025,0.25,2.00
101509,3500,90,1025,0.25,2.50
101510,3500,90,1025,0.25,3.00
101511,3500,90,1025,0.25,3.50
101512,3500,90,1210,0.25,0.50
101513,3500,90,1210,0.25,1.00
101514,3500,90,1210,0.25,1.50
101515,3500,90,1210,0.25,2.00
101516,3500,90,1210,0.25,2.50
101517,3500,90,1210,0.25,3.00
101518,3500,90,1210,0.25,3.50
101519,3500,110,100,0.25,0.50
101520,3500,110,100,0.25,1.00
101521,3500,110,100,0.25,1.50
101522,3500,110,100,0.25,2.00
101523,3500,110,100,0.25,2.50
101524,3500,110,100,0.25,3.00
101525,3500,110,100,0.25,3.50
101526,3500,110,285,0.25,0.50
101527,3500,110,285,0.25,1.00
101528,3500,110,285,0.25,1.50
101529,3500,110,285,0.25,2.00
101530,3500,110,285,0.25,2.50
101531,3500,110,285,0.25,3.00
101532,3500,110,285,0.25,3.50
101533,3500,110,470,0.25,0.50
101534,3500,110,470,0.25,1.00
101535,3500,110,470,0.25,1.50
101536,3500,110,470,0.25,2.00
101537,3500,110,470,0.25,2.50
101538,3500,110,470,0.25,3.00
101539,3500,110,470,0.25,3.50
101540,3500,110,655,0.25,0.50
101541,3500,110,655,0.25,1.00
101542,3500,110,655,0.25,1.50
101543,3500,110,655,0.25,2.00
101544,3500,110,655,0.25,2.50
101545,3500,110,655,0.25,3.00
101546,3500,110,655,0.25,3.50
101547,3500,110,840,0.25,0.50
101548,3500,110,840,0.25,1.00
101549,3500,110,840,0.25,1.50
101550,3500,110,840,0.25,2.00
101551,3500,110,840,0.25,2.50
101552,3500,110,840,0.25,3.00
101553,3500,110,840,0.25,3.50
101554,3500,110,1025,0.25,0.50
101555,3500,110,1025,0.25,1.00
101556,3500,110,1025,0.25,1.50
101557,3500,110,1025,0.25,2.00
101558,3500,110,1025,0.25,2.50
101559,3500,110,1025,0.25,3.00
101560,3500,110,1025,0.25,3.50
101561,3500,110,1210,0.25,0.50
101562,3500,110,1210,0.25,1.00
101563,3500,110,1210,0.25,1.50
101564,3500,110,1210,0.25,2.00
101565,3500,110,1210,0.25,2.50
101566,3500,110,1210,0.25,3.00
101567,3500,110,1210,0.25,3.50
101568,3500,130,100,0.25,0.50
101569,3500,130,100,0.25,1.00
101570,3500,130,100,0.25,1.50
101571,3500,130,100,0.25,2.00
101572,3500,130,100,0.25,2.50
101573,3500,130,100,0.25,3.00
101574,3500,130,100,0.25,3.50
101575,3500,130,285,0.25,0.50
101576,3500,130,285,0.25,1.00
101577,3500,130,285,0.25,1.50
101578,3500,130,285,0.25,2.00
101579,3500,130,285,0.25,2.50
101580,3500,130,285,0.25,3.00
101581,3500,130,285,0.25,3.50
101582,3500,130,470,0.25,0.50
101583,3500,130,470,0.25,1.00
101584,3500,130,470,0.25,1.50
101585,3500,130,470,0.25,2.00
101586,3500,130,470,0.25,2.50
101587,3500,130,470,0.25,3.00
101588,3500,130,470,0.25,3.50
101589,3500,130,655,0.25,0.50
101590,3500,130,655,0.25,1.00
101591,3500,130,655,0.25,1.50
101592,3500,130,655,0.25,2.00
101593,3500,130,655,0.25,2.50
101594,3500,130,655,0.25,3.00
101595,3500,130,655,0.25,3.50
101596,3500,130,840,0.25,0.50
101597,3500,130,840,0.25,1.00
101598,3500,130,840,0.25,1.50
101599,3500,130,840,0.25,2.00
101600,3500,130,840,0.25,2.50
101601,3500,130,840,0.25,3.00
101602,3500,130,840,0.25,3.50
101603,3500,130,1025,0.25,0.50
101604,3500,130,1025,0.25,1.00
101605,3500,130,1025,0.25,1.50
101606,3500,130,1025,0.25,2.00
101607,3500,130,1025,0.25,2.50
101608,3500,130,1025,0.25,3.00
101609,3500,130,1025,0.25,3.50
101610,3500,130,1210,0.25,0.50
101611,3500,130,1210,0.25,1.00
101612,3500,130,1210,0.25,1.50
101613,3500,130,1210,0.25,2.00
101614,3500,130,1210,0.25,2.50
101615,3500,130,1210,0.25,3.00
101616,3500,130,1210,0.25,3.50
101617,3500,150,100,0.25,0.50
101618,3500,150,100,0.25,1.00
101619,3500,150,100,0.25,1.50
101620,3500,150,100,0.25,2.00
101621,3500,150,100,0.25,2.50
101622,3500,150,100,0.25,3.00
101623,3500,150,100,0.25,3.50
101624,3500,150,285,0.25,0.50
101625,3500,150,285,0.25,1.00
101626,3500,150,285,0.25,1.50
101627,3500,150,285,0.25,2.00
101628,3500,150,285,0.25,2.50
101629,3500,150,285,0.25,3.00
101630,3500,150,285,0.25,3.50
101631,3500,150,470,0.25,0.50
101632,3500,150,470,0.25,1.00
101633,3500,150,470,0.25,1.50
101634,3500,150,470,0.25,2.00
101635,3500,150,470,0.25,2.50
101636,3500,150,470,0.25,3.00
101637,3500,150,470,0.25,3.50
101638,3500,150,655,0.25,0.50
101639,3500,150,655,0.25,1.00
101640,3500,150,655,0.25,1.50
101641,3500,150,655,0.25,2.00
101642,3500,150,655,0.25,2.50
101643,3500,150,655,0.25,3.00
101644,3500,150,655,0.25,3.50
101645,3500,150,840,0.25,0.50
101646,3500,150,840,0.25,1.00
101647,3500,150,840,0.25,1.50
101648,3500,150,840,0.25,2.00
101649,3500,150,840,0.25,2.50
101650,3500,150,840,0.25,3.00
101651,3500,150,840,0.25,3.50
101652,3500,150,1025,0.25,0.50
101653,3500,150,1025,0.25,1.00
101654,3500,150,1025,0.25,1.50
101655,3500,150,1025,0.25,2.00
101656,3500,150,1025,0.25,2.50
101657,3500,150,1025,0.25,3.00
101658,3500,150,1025,0.25,3.50
101659,3500,150,1210,0.25,0.50
101660,3500,150,1210,0.25,1.00
101661,3500,150,1210,0.25,1.50
101662,3500,150,1210,0.25,2.00
101663,3500,150,1210,0.25,2.50
101664,3500,150,1210,0.25,3.00
101665,3500,150,1210,0.25,3.50
101666,3500,170,100,0.25,0.50
101667,3500,170,100,0.25,1.00
101668,3500,170,100,0.25,1.50
101669,3500,170,100,0.25,2.00
101670,3500,170,100,0.25,2.50
101671,3500,170,100,0.25,3.00
101672,3500,170,100,0.25,3.50
101673,3500,170,285,0.25,0.50
101674,3500,170,285,0.25,1.00
101675,3500,170,285,0.25,1.50
101676,3500,170,285,0.25,2.00
101677,3500,170,285,0.25,2.50
101678,3500,170,285,0.25,3.00
101679,3500,170,285,0.25,3.50
101680,3500,170,470,0.25,0.50
101681,3500,170,470,0.25,1.00
101682,3500,170,470,0.25,1.50
101683,3500,170,470,0.25,2.00
101684,3500,170,470,0.25,2.50
101685,3500,170,470,0.25,3.00
101686,3500,170,470,0.25,3.50
101687,3500,170,655,0.25,0.50
101688,3500,170,655,0.25,1.00
101689,3500,170,655,0.25,1.50
101690,3500,170,655,0.25,2.00
101691,3500,170,655,0.25,2.50
101692,3500,170,655,0.25,3.00
101693,3500,170,655,0.25,3.50
101694,3500,170,840,0.25,0.50
101695,3500,170,840,0.25,1.00
101696,3500,170,840,0.25,1.50
101697,3500,170,840,0.25,2.00
101698,3500,170,840,0.25,2.50
101699,3500,170,840,0.25,3.00
101700,3500,170,840,0.25,3.50
101701,3500,170,1025,0.25,0.50
101702,3500,170,1025,0.25,1.00
101703,3500,170,1025,0.25,1.50
101704,3500,170,1025,0.25,2.00
101705,3500,170,1025,0.25,2.50
101706,3500,170,1025,0.25,3.00
101707,3500,170,1025,0.25,3.50
101708,3500,170,1210,0.25,0.50
101709,3500,170,1210,0.25,1.00
101710,3500,170,1210,0.25,1.50
101711,3500,170,1210,0.25,2.00
101712,3500,170,1210,0.25,2.50
101713,3500,170,1210,0.25,3.00
101714,3500,170,1210,0.25,3.50
101715,4250,50,100,0.25,0.50
101716,4250,50,100,0.25,1.00
101717,4250,50,100,0.25,1.50
101718,4250,50,100,0.25,2.00
101719,4250,50,100,0.25,2.50
101720,4250,50,100,0.25,3.00
101721,4250,50,100,0.25,3.50
101722,4250,50,285,0.25,0.50
101723,4250,50,285,0.25,1.00
101724,4250,50,285,0.25,1.50
101725,4250,50,285,0.25,2.00
101726,4250,50,285,0.25,2.50
101727,4250,50,285,0.25,3.00
101728,4250,50,285,0.25,3.50
101729,4250,50,470,0.25,0.50
101730,4250,50,470,0.25,1.00
101731,4250,50,470,0.25,1.50
101732,4250,50,470,0.25,2.00
101733,4250,50,470,0.25,2.50
101734,4250,50,470,0.25,3.00
101735,4250,50,470,0.25,3.50
101736,4250,50,655,0.25,0.50
101737,4250,50,655,0.25,1.00
101738,4250,50,655,0.25,1.50
101739,4250,50,655,0.25,2.00
101740,4250,50,655,0.25,2.50
101741,4250,50,655,0.25,3.00
101742,4250,50,655,0.25,3.50
101743,4250,50,840,0.25,0.50
101744,4250,50,840,0.25,1.00
101745,4250,50,840,0.25,1.50
101746,4250,50,840,0.25,2.00
101747,4250,50,840,0.25,2.50
101748,4250,50,840,0.25,3.00
101749,4250,50,840,0.25,3.50
101750,4250,50,1025,0.25,0.50
101751,4250,50,1025,0.25,1.00
101752,4250,50,1025,0.25,1.50
101753,4250,50,1025,0.25,2.00
101754,4250,50,1025,0.25,2.50
101755,4250,50,1025,0.25,3.00
101756,4250,50,1025,0.25,3.50
101757,4250,50,1210,0.25,0.50
101758,4250,50,1210,0.25,1.00
101759,4250,50,1210,0.25,1.50
101760,4250,50,1210,0.25,2.00
101761,4250,50,1210,0.25,2.50
101762,4250,50,1210,0.25,3.00
101763,4250,50,1210,0.25,3.50
101764,4250,70,100,0.25,0.50
101765,4250,70,100,0.25,1.00
101766,4250,70,100,0.25,1.50
101767,4250,70,100,0.25,2.00
101768,4250,70,100,0.25,2.50
101769,4250,70,100,0.25,3.00
101770,4250,70,100,0.25,3.50
101771,4250,70,285,0.25,0.50
101772,4250,70,285,0.25,1.00
101773,4250,70,285,0.25,1.50
101774,4250,70,285,0.25,2.00
101775,4250,70,285,0.25,2.50
101776,4250,70,285,0.25,3.00
101777,4250,70,285,0.25,3.50
101778,4250,70,470,0.25,0.50
101779,4250,70,470,0.25,1.00
101780,4250,70,470,0.25,1.50
101781,4250,70,470,0.25,2.00
101782,4250,70,470,0.25,2.50
101783,4250,70,470,0.25,3.00
101784,4250,70,470,0.25,3.50
101785,4250,70,655,0.25,0.50
101786,4250,70,655,0.25,1.00
101787,4250,70,655,0.25,1.50
101788,4250,70,655,0.25,2.00
101789,4250,70,655,0.25,2.50
101790,4250,70,655,0.25,3.00
101791,4250,70,655,0.25,3.50
101792,4250,70,840,0.25,0.50
101793,4250,70,840,0.25,1.00
101794,4250,70,840,0.25,1.50
101795,4250,70,840,0.25,2.00
101796,4250,70,840,0.25,2.50
101797,4250,70,840,0.25,3.00
101798,4250,70,840,0.25,3.50
101799,4250,70,1025,0.25,0.50
101800,4250,70,1025,0.25,1.00
101801,4250,70,1025,0.25,1.50
101802,4250,70,1025,0.25,2.00
101803,4250,70,1025,0.25,2.50
101804,4250,70,1025,0.25,3.00
101805,4250,70,1025,0.25,3.50
101806,4250,70,1210,0.25,0.50
101807,4250,70,1210,0.25,1.00
101808,4250,70,1210,0.25,1.50
101809,4250,70,1210,0.25,2.00
101810,4250,70,1210,0.25,2.50
101811,4250,70,1210,0.25,3.00
101812,4250,70,1210,0.25,3.50
101813,4250,90,100,0.25,0.50
101814,4250,90,100,0.25,1.00
101815,4250,90,100,0.25,1.50
101816,4250,90,100,0.25,2.00
101817,4250,90,100,0.25,2.50
101818,4250,90,100,0.25,3.00
101819,4250,90,100,0.25,3.50
101820,4250,90,285,0.25,0.50
101821,4250,90,285,0.25,1.00
101822,4250,90,285,0.25,1.50
101823,4250,90,285,0.25,2.00
101824,4250,90,285,0.25,2.50
101825,4250,90,285,0.25,3.00
101826,4250,90,285,0.25,3.50
101827,4250,90,470,0.25,0.50
101828,4250,90,470,0.25,1.00
101829,4250,90,470,0.25,1.50
101830,4250,90,470,0.25,2.00
101831,4250,90,470,0.25,2.50
101832,4250,90,470,0.25,3.00
101833,4250,90,470,0.25,3.50
101834,4250,90,655,0.25,0.50
101835,4250,90,655,0.25,1.00
101836,4250,90,655,0.25,1.50
101837,4250,90,655,0.25,2.00
101838,4250,90,655,0.25,2.50
101839,4250,90,655,0.25,3.00
101840,4250,90,655,0.25,3.50
101841,4250,90,840,0.25,0.50
101842,4250,90,840,0.25,1.00
101843,4250,90,840,0.25,1.50
101844,4250,90,840,0.25,2.00
101845,4250,90,840,0.25,2.50
101846,4250,90,840,0.25,3.00
101847,4250,90,840,0.25,3.50
101848,4250,90,1025,0.25,0.50
101849,4250,90,1025,0.25,1.00
101850,4250,90,1025,0.25,1.50
101851,4250,90,1025,0.25,2.00
101852,4250,90,1025,0.25,2.50
101853,4250,90,1025,0.25,3.00
101854,4250,90,1025,0.25,3.50
101855,4250,90,1210,0.25,0.50
101856,4250,90,1210,0.25,1.00
101857,4250,90,1210,0.25,1.50
101858,4250,90,1210,0.25,2.00
101859,4250,90,1210,0.25,2.50
101860,4250,90,1210,0.25,3.00
101861,4250,90,1210,0.25,3.50
101862,4250,110,100,0.25,0.50
101863,4250,110,100,0.25,1.00
101864,4250,110,100,0.25,1.50
101865,4250,110,100,0.25,2.00
101866,4250,110,100,0.25,2.50
101867,4250,110,100,0.25,3.00
101868,4250,110,100,0.25,3.50
101869,4250,110,285,0.25,0.50
101870,4250,110,285,0.25,1.00
101871,4250,110,285,0.25,1.50
101872,4250,110,285,0.25,2.00
101873,4250,110,285,0.25,2.50
101874,4250,110,285,0.25,3.00
101875,4250,110,285,0.25,3.50
101876,4250,110,470,0.25,0.50
101877,4250,110,470,0.25,1.00
101878,4250,110,470,0.25,1.50
101879,4250,110,470,0.25,2.00
101880,4250,110,470,0.25,2.50
101881,4250,110,470,0.25,3.00
101882,4250,110,470,0.25,3.50
101883,4250,110,655,0.25,0.50
101884,4250,110,655,0.25,1.00
101885,4250,110,655,0.25,1.50
101886,4250,110,655,0.25,2.00
101887,4250,110,655,0.25,2.50
101888,4250,110,655,0.25,3.00
101889,4250,110,655,0.25,3.50
101890,4250,110,840,0.25,0.50
101891,4250,110,840,0.25,1.00
101892,4250,110,840,0.25,1.50
101893,4250,110,840,0.25,2.00
101894,4250,110,840,0.25,2.50
101895,4250,110,840,0.25,3.00
101896,4250,110,840,0.25,3.50
101897,4250,110,1025,0.25,0.50
101898,4250,110,1025,0.25,1.00
101899,4250,110,1025,0.25,1.50
101900,4250,110,1025,0.25,2.00
101901,4250,110,1025,0.25,2.50
101902,4250,110,1025,0.25,3.00
101903,4250,110,1025,0.25,3.50
101904,4250,110,1210,0.25,0.50
101905,4250,110,1210,0.25,1.00
101906,4250,110,1210,0.25,1.50
101907,4250,110,1210,0.25,2.00
101908,4250,110,1210,0.25,2.50
101909,4250,110,1210,0.25,3.00
101910,4250,110,1210,0.25,3.50
101911,4250,130,100,0.25,0.50
101912,4250,130,100,0.25,1.00
101913,4250,130,100,0.25,1.50
101914,4250,130,100,0.25,2.00
101915,4250,130,100,0.25,2.50
101916,4250,130,100,0.25,3.00
101917,4250,130,100,0.25,3.50
101918,4250,130,285,0.25,0.50
101919,4250,130,285,0.25,1.00
101920,4250,130,285,0.25,1.50
101921,4250,130,285,0.25,2.00
101922,4250,130,285,0.25,2.50
101923,4250,130,285,0.25,3.00
101924,4250,130,285,0.25,3.50
101925,4250,130,470,0.25,0.50
101926,4250,130,470,0.25,1.00
101927,4250,130,470,0.25,1.50
101928,4250,130,470,0.25,2.00
101929,4250,130,470,0.25,2.50
101930,4250,130,470,0.25,3.00
101931,4250,130,470,0.25,3.50
101932,4250,130,655,0.25,0.50
101933,4250,130,655,0.25,1.00
101934,4250,130,655,0.25,1.50
101935,4250,130,655,0.25,2.00
101936,4250,130,655,0.25,2.50
101937,4250,130,655,0.25,3.00
101938,4250,130,655,0.25,3.50
101939,4250,130,840,0.25,0.50
101940,4250,130,840,0.25,1.00
101941,4250,130,840,0.25,1.50
101942,4250,130,840,0.25,2.00
101943,4250,130,840,0.25,2.50
101944,4250,130,840,0.25,3.00
101945,4250,130,840,0.25,3.50
101946,4250,130,1025,0.25,0.50
101947,4250,130,1025,0.25,1.00
101948,4250,130,1025,0.25,1.50
101949,4250,130,1025,0.25,2.00
101950,4250,130,1025,0.25,2.50
101951,4250,130,1025,0.25,3.00
101952,4250,130,1025,0.25,3.50
101953,4250,130,1210,0.25,0.50
101954,4250,130,1210,0.25,1.00
101955,4250,130,1210,0.25,1.50
101956,4250,130,1210,0.25,2.00
101957,4250,130,1210,0.25,2.50
101958,4250,130,1210,0.25,3.00
101959,4250,130,1210,0.25,3.50
101960,4250,150,100,0.25,0.50
101961,4250,150,100,0.25,1.00
101962,4250,150,100,0.25,1.50
101963,4250,150,100,0.25,2.00
101964,4250,150,100,0.25,2.50
101965,4250,150,100,0.25,3.00
101966,4250,150,100,0.25,3.50
101967,4250,150,285,0.25,0.50
101968,4250,150,285,0.25,1.00
101969,4250,150,285,0.25,1.50
101970,4250,150,285,0.25,2.00
101971,4250,150,285,0.25,2.50
101972,4250,150,285,0.25,3.00
101973,4250,150,285,0.25,3.50
101974,4250,150,470,0.25,0.50
101975,4250,150,470,0.25,1.00
101976,4250,150,470,0.25,1.50
101977,4250,150,470,0.25,2.00
101978,4250,150,470,0.25,2.50
101979,4250,150,470,0.25,3.00
101980,4250,150,470,0.25,3.50
101981,4250,150,655,0.25,0.50
101982,4250,150,655,0.25,1.00
101983,4250,150,655,0.25,1.50
101984,4250,150,655,0.25,2.00
101985,4250,150,655,0.25,2.50
101986,4250,150,655,0.25,3.00
101987,4250,150,655,0.25,3.50
101988,4250,150,840,0.25,0.50
101989,4250,150,840,0.25,1.00
101990,4250,150,840,0.25,1.50
101991,4250,150,840,0.25,2.00
101992,4250,150,840,0.25,2.50
101993,4250,150,840,0.25,3.00
101994,4250,150,840,0.25,3.50
101995,4250,150,1025,0.25,0.50
101996,4250,150,1025,0.25,1.00
101997,4250,150,1025,0.25,1.50
101998,4250,150,1025,0.25,2.00
101999,4250,150,1025,0.25,2.50
102000,4250,150,1025,0.25,3.00
102001,4250,150,1025,0.25,3.50
102002,4250,150,1210,0.25,0.50
102003,4250,150,1210,0.25,1.00
102004,4250,150,1210,0.25,1.50
102005,4250,150,1210,0.25,2.00
102006,4250,150,1210,0.25,2.50
102007,4250,150,1210,0.25,3.00
102008,4250,150,1210,0.25,3.50
102009,4250,170,100,0.25,0.50
102010,4250,170,100,0.25,1.00
102011,4250,170,100,0.25,1.50
102012,4250,170,100,0.25,2.00
102013,4250,170,100,0.25,2.50
102014,4250,170,100,0.25,3.00
102015,4250,170,100,0.25,3.50
102016,4250,170,285,0.25,0.50
102017,4250,170,285,0.25,1.00
102018,4250,170,285,0.25,1.50
102019,4250,170,285,0.25,2.00
102020,4250,170,285,0.25,2.50
102021,4250,170,285,0.25,3.00
102022,4250,170,285,0.25,3.50
102023,4250,170,470,0.25,0.50
102024,4250,170,470,0.25,1.00
102025,4250,170,470,0.25,1.50
102026,4250,170,470,0.25,2.00
102027,4250,170,470,0.25,2.50
102028,4250,170,470,0.25,3.00
102029,4250,170,470,0.25,3.50
102030,4250,170,655,0.25,0.50
102031,4250,170,655,0.25,1.00
102032,4250,170,655,0.25,1.50
102033,4250,170,655,0.25,2.00
102034,4250,170,655,0.25,2.50
102035,4250,170,655,0.25,3.00
102036,4250,170,655,0.25,3.50
102037,4250,170,840,0.25,0.50
102038,4250,170,840,0.25,1.00
102039,4250,170,840,0.25,1.50
102040,4250,170,840,0.25,2.00
102041,4250,170,840,0.25,2.50
102042,4250,170,840,0.25,3.00
102043,4250,170,840,0.25,3.50
102044,4250,170,1025,0.25,0.50
102045,4250,170,1025,0.25,1.00
102046,4250,170,1025,0.25,1.50
102047,4250,170,1025,0.25,2.00
102048,4250,170,1025,0.25,2.50
102049,4250,170,1025,0.25,3.00
102050,4250,170,1025,0.25,3.50
102051,4250,170,1210,0.25,0.50
102052,4250,170,1210,0.25,1.00
102053,4250,170,1210,0.25,1.50
102054,4250,170,1210,0.25,2.00
102055,4250,170,1210,0.25,2.50
102056,4250,170,1210,0.25,3.00
102057,4250,170,1210,0.25,3.50
102058,5000,50,100,0.25,0.50
102059,5000,50,100,0.25,1.00
102060,5000,50,100,0.25,1.50
102061,5000,50,100,0.25,2.00
102062,5000,50,100,0.25,2.50
102063,5000,50,100,0.25,3.00
102064,5000,50,100,0.25,3.50
102065,5000,50,285,0.25,0.50
102066,5000,50,285,0.25,1.00
102067,5000,50,285,0.25,1.50
102068,5000,50,285,0.25,2.00
102069,5000,50,285,0.25,2.50
102070,5000,50,285,0.25,3.00
102071,5000,50,285,0.25,3.50
102072,5000,50,470,0.25,0.50
102073,5000,50,470,0.25,1.00
102074,5000,50,470,0.25,1.50
102075,5000,50,470,0.25,2.00
102076,5000,50,470,0.25,2.50
102077,5000,50,470,0.25,3.00
102078,5000,50,470,0.25,3.50
102079,5000,50,655,0.25,0.50
102080,5000,50,655,0.25,1.00
102081,5000,50,655,0.25,1.50
102082,5000,50,655,0.25,2.00
102083,5000,50,655,0.25,2.50
102084,5000,50,655,0.25,3.00
102085,5000,50,655,0.25,3.50
102086,5000,50,840,0.25,0.50
102087,5000,50,840,0.25,1.00
102088,5000,50,840,0.25,1.50
102089,5000,50,840,0.25,2.00
102090,5000,50,840,0.25,2.50
102091,5000,50,840,0.25,3.00
102092,5000,50,840,0.25,3.50
102093,5000,50,1025,0.25,0.50
102094,5000,50,1025,0.25,1.00
102095,5000,50,1025,0.25,1.50
102096,5000,50,1025,0.25,2.00
102097,5000,50,1025,0.25,2.50
102098,5000,50,1025,0.25,3.00
102099,5000,50,1025,0.25,3.50
102100,5000,50,1210,0.25,0.50
102101,5000,50,1210,0.25,1.00
102102,5000,50,1210,0.25,1.50
102103,5000,50,1210,0.25,2.00
102104,5000,50,1210,0.25,2.50
102105,5000,50,1210,0.25,3.00
102106,5000,50,1210,0.25,3.50
102107,5000,70,100,0.25,0.50
102108,5000,70,100,0.25,1.00
102109,5000,70,100,0.25,1.50
102110,5000,70,100,0.25,2.00
102111,5000,70,100,0.25,2.50
102112,5000,70,100,0.25,3.00
102113,5000,70,100,0.25,3.50
102114,5000,70,285,0.25,0.50
102115,5000,70,285,0.25,1.00
102116,5000,70,285,0.25,1.50
102117,5000,70,285,0.25,2.00
102118,5000,70,285,0.25,2.50
102119,5000,70,285,0.25,3.00
102120,5000,70,285,0.25,3.50
102121,5000,70,470,0.25,0.50
102122,5000,70,470,0.25,1.00
102123,5000,70,470,0.25,1.50
102124,5000,70,470,0.25,2.00
102125,5000,70,470,0.25,2.50
102126,5000,70,470,0.25,3.00
102127,5000,70,470,0.25,3.50
102128,5000,70,655,0.25,0.50
102129,5000,70,655,0.25,1.00
102130,5000,70,655,0.25,1.50
102131,5000,70,655,0.25,2.00
102132,5000,70,655,0.25,2.50
102133,5000,70,655,0.25,3.00
102134,5000,70,655,0.25,3.50
102135,5000,70,840,0.25,0.50
102136,5000,70,840,0.25,1.00
102137,5000,70,840,0.25,1.50
102138,5000,70,840,0.25,2.00
102139,5000,70,840,0.25,2.50
102140,5000,70,840,0.25,3.00
102141,5000,70,840,0.25,3.50
102142,5000,70,1025,0.25,0.50
102143,5000,70,1025,0.25,1.00
102144,5000,70,1025,0.25,1.50
102145,5000,70,1025,0.25,2.00
102146,5000,70,1025,0.25,2.50
102147,5000,70,1025,0.25,3.00
102148,5000,70,1025,0.25,3.50
102149,5000,70,1210,0.25,0.50
102150,5000,70,1210,0.25,1.00
102151,5000,70,1210,0.25,1.50
102152,5000,70,1210,0.25,2.00
102153,5000,70,1210,0.25,2.50
102154,5000,70,1210,0.25,3.00
102155,5000,70,1210,0.25,3.50
102156,5000,90,100,0.25,0.50
102157,5000,90,100,0.25,1.00
102158,5000,90,100,0.25,1.50
102159,5000,90,100,0.25,2.00
102160,5000,90,100,0.25,2.50
102161,5000,90,100,0.25,3.00
102162,5000,90,100,0.25,3.50
102163,5000,90,285,0.25,0.50
102164,5000,90,285,0.25,1.00
102165,5000,90,285,0.25,1.50
102166,5000,90,285,0.25,2.00
102167,5000,90,285,0.25,2.50
102168,5000,90,285,0.25,3.00
102169,5000,90,285,0.25,3.50
102170,5000,90,470,0.25,0.50
102171,5000,90,470,0.25,1.00
102172,5000,90,470,0.25,1.50
102173,5000,90,470,0.25,2.00
102174,5000,90,470,0.25,2.50
102175,5000,90,470,0.25,3.00
102176,5000,90,470,0.25,3.50
102177,5000,90,655,0.25,0.50
102178,5000,90,655,0.25,1.00
102179,5000,90,655,0.25,1.50
102180,5000,90,655,0.25,2.00
102181,5000,90,655,0.25,2.50
102182,5000,90,655,0.25,3.00
102183,5000,90,655,0.25,3.50
102184,5000,90,840,0.25,0.50
102185,5000,90,840,0.25,1.00
102186,5000,90,840,0.25,1.50
102187,5000,90,840,0.25,2.00
102188,5000,90,840,0.25,2.50
102189,5000,90,840,0.25,3.00
102190,5000,90,840,0.25,3.50
102191,5000,90,1025,0.25,0.50
102192,5000,90,1025,0.25,1.00
102193,5000,90,1025,0.25,1.50
102194,5000,90,1025,0.25,2.00
102195,5000,90,1025,0.25,2.50
102196,5000,90,1025,0.25,3.00
102197,5000,90,1025,0.25,3.50
102198,5000,90,1210,0.25,0.50
102199,5000,90,1210,0.25,1.00
102200,5000,90,1210,0.25,1.50
102201,5000,90,1210,0.25,2.00
102202,5000,90,1210,0.25,2.50
102203,5000,90,1210,0.25,3.00
102204,5000,90,1210,0.25,3.50
102205,5000,110,100,0.25,0.50
102206,5000,110,100,0.25,1.00
102207,5000,110,100,0.25,1.50
102208,5000,110,100,0.25,2.00
102209,5000,110,100,0.25,2.50
102210,5000,110,100,0.25,3.00
102211,5000,110,100,0.25,3.50
102212,5000,110,285,0.25,0.50
102213,5000,110,285,0.25,1.00
102214,5000,110,285,0.25,1.50
102215,5000,110,285,0.25,2.00
102216,5000,110,285,0.25,2.50
102217,5000,110,285,0.25,3.00
102218,5000,110,285,0.25,3.50
102219,5000,110,470,0.25,0.50
102220,5000,110,470,0.25,1.00
102221,5000,110,470,0.25,1.50
102222,5000,110,470,0.25,2.00
102223,5000,110,470,0.25,2.50
102224,5000,110,470,0.25,3.00
102225,5000,110,470,0.25,3.50
102226,5000,110,655,0.25,0.50
102227,5000,110,655,0.25,1.00
102228,5000,110,655,0.25,1.50
102229,5000,110,655,0.25,2.00
102230,5000,110,655,0.25,2.50
102231,5000,110,655,0.25,3.00
102232,5000,110,655,0.25,3.50
102233,5000,110,840,0.25,0.50
102234,5000,110,840,0.25,1.00
102235,5000,110,840,0.25,1.50
102236,5000,110,840,0.25,2.00
102237,5000,110,840,0.25,2.50
102238,5000,110,840,0.25,3.00
102239,5000,110,840,0.25,3.50
102240,5000,110,1025,0.25,0.50
102241,5000,110,1025,0.25,1.00
102242,5000,110,1025,0.25,1.50
102243,5000,110,1025,0.25,2.00
102244,5000,110,1025,0.25,2.50
102245,5000,110,1025,0.25,3.00
102246,5000,110,1025,0.25,3.50
102247,5000,110,1210,0.25,0.50
102248,5000,110,1210,0.25,1.00
102249,5000,110,1210,0.25,1.50
102250,5000,110,1210,0.25,2.00
102251,5000,110,1210,0.25,2.50
102252,5000,110,1210,0.25,3.00
102253,5000,110,1210,0.25,3.50
102254,5000,130,100,0.25,0.50
102255,5000,130,100,0.25,1.00
102256,5000,130,100,0.25,1.50
102257,5000,130,100,0.25,2.00
102258,5000,130,100,0.25,2.50
102259,5000,130,100,0.25,3.00
102260,5000,130,100,0.25,3.50
102261,5000,130,285,0.25,0.50
102262,5000,130,285,0.25,1.00
102263,5000,130,285,0.25,1.50
102264,5000,130,285,0.25,2.00
102265,5000,130,285,0.25,2.50
102266,5000,130,285,0.25,3.00
102267,5000,130,285,0.25,3.50
102268,5000,130,470,0.25,0.50
102269,5000,130,470,0.25,1.00
102270,5000,130,470,0.25,1.50
102271,5000,130,470,0.25,2.00
102272,5000,130,470,0.25,2.50
102273,5000,130,470,0.25,3.00
102274,5000,130,470,0.25,3.50
102275,5000,130,655,0.25,0.50
102276,5000,130,655,0.25,1.00
102277,5000,130,655,0.25,1.50
102278,5000,130,655,0.25,2.00
102279,5000,130,655,0.25,2.50
102280,5000,130,655,0.25,3.00
102281,5000,130,655,0.25,3.50
102282,5000,130,840,0.25,0.50
102283,5000,130,840,0.25,1.00
102284,5000,130,840,0.25,1.50
102285,5000,130,840,0.25,2.00
102286,5000,130,840,0.25,2.50
102287,5000,130,840,0.25,3.00
102288,5000,130,840,0.25,3.50
102289,5000,130,1025,0.25,0.50
102290,5000,130,1025,0.25,1.00
102291,5000,130,1025,0.25,1.50
102292,5000,130,1025,0.25,2.00
102293,5000,130,1025,0.25,2.50
102294,5000,130,1025,0.25,3.00
102295,5000,130,1025,0.25,3.50
102296,5000,130,1210,0.25,0.50
102297,5000,130,1210,0.25,1.00
102298,5000,130,1210,0.25,1.50
102299,5000,130,1210,0.25,2.00
102300,5000,130,1210,0.25,2.50
102301,5000,130,1210,0.25,3.00
102302,5000,130,1210,0.25,3.50
102303,5000,150,100,0.25,0.50
102304,5000,150,100,0.25,1.00
102305,5000,150,100,0.25,1.50
102306,5000,150,100,0.25,2.00
102307,5000,150,100,0.25,2.50
102308,5000,150,100,0.25,3.00
102309,5000,150,100,0.25,3.50
102310,5000,150,285,0.25,0.50
102311,5000,150,285,0.25,1.00
102312,5000,150,285,0.25,1.50
102313,5000,150,285,0.25,2.00
102314,5000,150,285,0.25,2.50
102315,5000,150,285,0.25,3.00
102316,5000,150,285,0.25,3.50
102317,5000,150,470,0.25,0.50
102318,5000,150,470,0.25,1.00
102319,5000,150,470,0.25,1.50
102320,5000,150,470,0.25,2.00
102321,5000,150,470,0.25,2.50
102322,5000,150,470,0.25,3.00
102323,5000,150,470,0.25,3.50
102324,5000,150,655,0.25,0.50
102325,5000,150,655,0.25,1.00
102326,5000,150,655,0.25,1.50
102327,5000,150,655,0.25,2.00
102328,5000,150,655,0.25,2.50
102329,5000,150,655,0.25,3.00
102330,5000,150,655,0.25,3.50
102331,5000,150,840,0.25,0.50
102332,5000,150,840,0.25,1.00
102333,5000,150,840,0.25,1.50
102334,5000,150,840,0.25,2.00
102335,5000,150,840,0.25,2.50
102336,5000,150,840,0.25,3.00
102337,5000,150,840,0.25,3.50
102338,5000,150,1025,0.25,0.50
102339,5000,150,1025,0.25,1.00
102340,5000,150,1025,0.25,1.50
102341,5000,150,1025,0.25,2.00
102342,5000,150,1025,0.25,2.50
102343,5000,150,1025,0.25,3.00
102344,5000,150,1025,0.25,3.50
102345,5000,150,1210,0.25,0.50
102346,5000,150,1210,0.25,1.00
102347,5000,150,1210,0.25,1.50
102348,5000,150,1210,0.25,2.00
102349,5000,150,1210,0.25,2.50
102350,5000,150,1210,0.25,3.00
102351,5000,150,1210,0.25,3.50
102352,5000,170,100,0.25,0.50
102353,5000,170,100,0.25,1.00
102354,5000,170,100,0.25,1.50
102355,5000,170,100,0.25,2.00
102356,5000,170,100,0.25,2.50
102357,5000,170,100,0.25,3.00
102358,5000,170,100,0.25,3.50
102359,5000,170,285,0.25,0.50
102360,5000,170,285,0.25,1.00
102361,5000,170,285,0.25,1.50
102362,5000,170,285,0.25,2.00
102363,5000,170,285,0.25,2.50
102364,5000,170,285,0.25,3.00
102365,5000,170,285,0.25,3.50
102366,5000,170,470,0.25,0.50
102367,5000,170,470,0.25,1.00
102368,5000,170,470,0.25,1.50
102369,5000,170,470,0.25,2.00
102370,5000,170,470,0.25,2.50
102371,5000,170,470,0.25,3.00
102372,5000,170,470,0.25,3.50
102373,5000,170,655,0.25,0.50
102374,5000,170,655,0.25,1.00
102375,5000,170,655,0.25,1.50
102376,5000,170,655,0.25,2.00
102377,5000,170,655,0.25,2.50
102378,5000,170,655,0.25,3.00
102379,5000,170,655,0.25,3.50
102380,5000,170,840,0.25,0.50
102381,5000,170,840,0.25,1.00
102382,5000,170,840,0.25,1.50
102383,5000,170,840,0.25,2.00
102384,5000,170,840,0.25,2.50
102385,5000,170,840,0.25,3.00
102386,5000,170,840,0.25,3.50
102387,5000,170,1025,0.25,0.50
102388,5000,170,1025,0.25,1.00
102389,5000,170,1025,0.25,1.50
102390,5000,170,1025,0.25,2.00
102391,5000,170,1025,0.25,2.50
102392,5000,170,1025,0.25,3.00
102393,5000,170,1025,0.25,3.50
102394,5000,170,1210,0.25,0.50
102395,5000,170,1210,0.25,1.00
102396,5000,170,1210,0.25,1.50
102397,5000,170,1210,0.25,2.00
102398,5000,170,1210,0.25,2.50
102399,5000,170,1210,0.25,3.00
102400,5000,170,1210,0.25,3.50
